BABA,PFE,NFLX,CRM,GD
63.93,27.822315000000003,111.25,75.269997,129.018661
63.919998,27.248917,108.33000200000001,74.41999799999999,125.92121100000001
66.279999,27.664425,108.099998,75.0,126.272095
67.699997,27.498219,114.93,75.089996,127.666481
68.709999,27.622873,113.33000200000001,75.25,128.395203
70.300003,27.606254999999997,113.449997,75.879997,129.267853
69.68,27.406809000000003,109.730003,76.629997,127.486572
68.540001,27.456671000000004,110.230003,75.58000200000001,125.49836699999999
71.779999,28.320927,101.089996,77.699997,127.10876499999999
71.989998,28.595156,98.989998,78.769997,127.477577
72.650002,28.66995,101.690002,77.93,127.07276200000001
71.790001,28.254441999999997,98.989998,77.529999,127.07276200000001
69.480003,27.805698,97.959999,75.83000200000001,128.728073
70.989998,27.697664000000003,97.32,77.370003,132.470505
75.620003,28.295992,100.040001,78.559998,133.397171
76.349998,28.3874,103.040001,78.220001,133.280167
79.440002,29.077147999999998,103.07,77.75,133.505096
82.349998,29.459412,105.800003,78.529999,135.646194
82.220001,28.894325,105.120003,78.139999,134.917526
83.83000200000001,28.104862,108.379997,77.709999,133.667053
84.349998,29.135316999999997,107.639999,79.199997,133.792969
83.440002,29.06053,109.739998,78.629997,132.398544
85.400002,28.599777000000003,114.050003,78.389999,132.497498
85.379997,28.608159999999998,113.5,78.709999,132.308594
83.610001,28.423853,114.059998,79.410004,131.274033
81.379997,28.189296999999996,109.860001,78.220001,129.807587
81.43,28.306578000000002,112.699997,78.25,129.492783
79.849998,28.264694,112.860001,78.709999,128.92598
78.760002,27.971487,108.91999799999999,78.300003,127.612549
75.849998,27.870965999999996,103.650002,75.599998,126.487976
78.300003,27.778812,111.349998,76.260002,128.898956
78.129997,27.535873,117.099998,77.239998,128.530151
77.690002,27.904472,120.629997,77.349998,129.285843
77.870003,27.049994,120.220001,80.639999,130.626297
79.949997,26.957846000000004,123.839996,80.989998,130.896194
81.309998,26.245783000000003,125.029999,80.779999,130.07753
80.860001,26.781923,123.309998,80.389999,130.923172
81.709999,27.535873,124.160004,80.410004,130.608292
81.379997,27.468854999999998,125.440002,79.970001,130.950119
84.08000200000001,27.452099,123.33000200000001,79.690002,131.759842
84.0,28.16416,125.370003,81.010002,132.78538500000002
85.0,27.561004999999998,128.929993,80.879997,130.76123
82.589996,27.133765999999998,126.809998,79.93,127.711502
84.849998,27.477235999999998,130.929993,82.139999,129.402771
84.760002,27.359953000000004,125.360001,80.68,128.728073
84.379997,27.251046999999996,126.980003,81.08000200000001,127.747475
83.41999799999999,27.049994,124.199997,79.709999,126.101151
84.33000200000001,27.108634999999996,122.910004,79.379997,125.94823500000001
79.739998,26.857319,118.910004,76.870003,124.61918600000001
80.57,26.957846000000004,120.66999799999999,76.989998,125.839722
82.489998,27.024864,118.599998,77.370003,124.800041
84.629997,27.292933,122.639999,78.889999,126.246582
83.559998,27.083508000000002,122.510002,78.43,124.90851599999999
82.650002,26.798678999999996,118.019997,77.029999,123.59761
82.870003,27.19241,116.629997,77.290001,124.8452
84.839996,27.242672,116.239998,77.860001,126.51781499999998
84.800003,27.276178,118.160004,78.040001,126.472595
83.709999,27.326445,117.33000200000001,77.83000200000001,126.427406
82.139999,27.158898999999998,117.110001,78.199997,126.201347
83.260002,27.502360999999997,119.120003,79.440002,126.879402
81.68,27.435346999999997,116.709999,79.139999,125.90300800000001
81.269997,27.041618,114.379997,78.400002,124.18524199999999
76.690002,26.765175,109.959999,76.709999,123.01895900000001
78.629997,26.957846000000004,107.660004,77.050003,123.53430900000001
77.33000200000001,26.480349,117.68,76.290001,122.28665900000001
72.720001,26.30442,114.559998,74.300003,118.254433
70.800003,25.969337,111.389999,73.230003,117.70295700000001
69.91999799999999,26.027975,114.970001,73.18,118.697433
72.68,25.969337,116.58000200000001,74.459999,119.78234099999999
70.290001,25.441574,106.559998,72.349998,117.28311200000002
72.25,26.061485,107.059998,73.07,117.27401
69.589996,25.810167,104.040001,70.860001,114.50210600000001
70.129997,25.709644,107.889999,70.800003,115.765373
68.709999,25.684510999999997,107.739998,70.33000200000001,112.857155
70.720001,25.617495,102.349998,69.510002,112.98436699999999
70.370003,25.726397,100.720001,71.550003,114.84745
69.720001,25.55048,99.120003,69.91999799999999,113.238846
69.769997,25.692888,97.83000200000001,69.870003,115.765373
69.540001,25.567232,91.150002,67.43,117.237656
66.91999799999999,25.299164,94.410004,65.690002,116.91957099999999
67.029999,25.542099,91.839996,68.059998,121.57271599999999
67.029999,25.274025,94.089996,68.440002,121.43638600000001
65.089996,25.248894,91.489998,64.519997,121.354607
63.439999,25.105055,90.739998,65.339996,121.59091200000002
64.860001,24.538139,89.709999,67.199997,123.00864399999999
62.639998999999996,24.563519,82.790001,58.509997999999996,121.96352399999999
61.099998,24.165831,83.32,54.049999,120.20041699999999
61.389998999999996,24.622749,86.129997,57.330002,120.08226
61.779999,24.952747,88.449997,58.759997999999996,120.936539
60.57,24.648135999999997,86.349998,59.240002000000004,116.855949
60.889998999999996,24.842748999999998,87.400002,59.68,118.31008100000001
66.290001,25.223513,89.050003,59.720001,119.51880600000001
66.379997,25.071207,94.760002,63.490002000000004,122.71781200000001
66.519997,25.003513,90.489998,61.700001,122.73603100000001
67.279999,24.952747,89.230003,62.139998999999996,122.926842
68.839996,25.426586,91.93,63.98,124.162834
66.970001,25.350435,89.120003,62.900002,123.51759299999999
67.230003,25.401203,91.610001,62.52,122.826897
66.660004,25.883505,94.529999,69.41999799999999,124.726303
66.910004,25.578892,94.790001,69.720001,124.60816200000001
68.809998,25.105055,93.410004,67.75,123.844749
70.860001,25.418125,98.300003,70.019997,125.63510900000001
71.25,25.367357000000002,97.610001,70.43,123.24493400000001
71.019997,25.291203,97.93,70.800003,123.363091
72.220001,25.138901,101.58000200000001,71.059998,122.945045
72.889999,25.206592999999998,95.489998,70.489998,120.26403
71.07,24.842748999999998,96.230003,69.82,119.418823
72.43,25.164282,98.0,71.040001,119.88231699999999
71.970001,25.037359,97.360001,70.699997,121.390984
74.010002,25.807356,97.660004,71.629997,123.16317
73.349998,25.468895,98.129997,72.220001,121.972595
72.230003,24.995055999999998,97.860001,71.699997,121.136467
73.5,24.571981,99.349998,72.730003,121.772667
74.25,24.825827,99.720001,72.720001,121.89079299999999
76.25,24.918907,101.120003,72.650002,123.09953300000001
78.110001,25.443512,101.059998,72.25,122.49060800000001
78.18,25.705811999999998,99.839996,72.849998,122.90868400000001
76.559998,25.545046,99.589996,71.779999,122.07257800000001
75.860001,25.451969000000002,98.360001,72.440002,117.31036399999999
76.480003,25.198128,101.209999,71.949997,118.89170800000001
78.08000200000001,25.426586,104.129997,72.300003,119.836899
78.860001,25.443512,102.190002,74.300003,119.718727
79.029999,25.079667999999998,102.230003,73.83000200000001,119.39155600000001
78.730003,25.418125,105.699997,75.730003,120.273117
79.08000200000001,25.993507,104.349998,75.690002,119.68238799999999
77.32,26.535032,104.940002,74.58000200000001,118.909874
78.68,27.86348,104.83000200000001,75.58000200000001,120.40905
77.610001,27.719631,104.449997,75.32,120.107376
77.470001,27.499636,103.809998,74.849998,121.496872
77.709999,26.983484000000004,102.68,74.160004,120.573578
77.860001,27.042717,106.980003,74.269997,122.08190900000001
79.639999,27.533479999999997,109.650002,75.949997,122.78580500000001
79.610001,27.626556,110.41999799999999,76.150002,122.10022
78.970001,27.499636,111.510002,76.309998,123.23371100000001
79.010002,27.592717999999998,108.400002,77.269997,124.586601
79.459999,27.829632,94.339996,76.190002,124.952278
81.209999,28.117319000000002,96.769997,76.139999,124.970551
80.779999,28.125782,94.980003,77.150002,125.893799
79.889999,28.151171,95.900002,76.480003,126.058365
78.839996,28.100399,93.559998,76.510002,125.043678
78.610001,27.965015,92.43,76.209999,126.798813
77.650002,27.922707,91.040001,75.690002,131.27803
76.400002,27.846552000000003,90.279999,75.379997,129.038406
76.940002,27.677324,90.029999,75.800003,128.453354
76.610001,27.753481,93.110001,77.25,129.650894
75.910004,28.515005,91.540001,74.900002,130.117065
75.82,28.261167999999998,90.790001,73.989998,129.285248
78.83000200000001,28.405008000000002,89.370003,73.809998,129.98911999999999
79.199997,28.413475,90.839996,74.25,131.122635
79.410004,28.616543,90.540001,74.620003,130.69300800000002
79.720001,28.599619,92.889999,75.91999799999999,133.197708
79.800003,28.309359000000004,90.019997,75.790001,132.512115
79.160004,28.334969,87.739998,75.889999,132.832031
77.160004,28.334969,87.879997,76.370003,131.972763
79.290001,28.497175,89.120003,77.309998,132.886902
79.349998,28.198373999999998,88.629997,76.769997,132.548676
79.029999,28.317891999999997,90.5,77.870003,131.917923
78.32,28.497175,89.550003,81.089996,131.259735
78.790001,28.804515999999996,92.489998,81.019997,132.201294
79.0,28.744753000000003,94.889999,81.730003,130.034821
81.120003,29.111859999999997,97.889999,82.75,130.68383799999998
75.589996,29.325284999999997,100.199997,83.57,130.69300800000002
78.349998,29.393576,102.809998,83.349998,130.565002
80.970001,29.547255,103.300003,83.769997,130.839233
82.0,29.624084000000003,102.57,83.709999,129.687454
76.690002,29.666771,101.510002,83.449997,129.32183799999999
77.300003,29.769216999999998,101.25,83.239998,128.096893
76.620003,29.615546999999996,99.589996,82.550003,128.18826299999998
78.059998,29.820435999999997,100.739998,82.83000200000001,128.288849
77.839996,29.743608000000002,99.889999,83.139999,128.947021
77.639999,30.093621999999996,97.860001,83.349998,129.340073
77.559998,30.144854,97.089996,82.730003,129.787979
75.91999799999999,30.127781,93.75,81.83000200000001,129.376633
75.449997,29.658237,93.849998,81.489998,127.16445900000001
77.769997,29.871665999999998,94.120003,81.089996,127.456985
78.389999,29.70092,94.290001,81.989998,128.078568
78.269997,29.666771,95.440002,81.639999,127.75863600000001
77.0,29.214304,94.449997,80.5,127.054771
78.150002,29.453342,93.800003,81.220001,128.819016
78.620003,29.666771,90.989998,81.629997,127.43869
78.730003,29.427729,90.010002,80.620003,126.87193300000001
79.139999,29.530176,91.660004,82.279999,127.776924
76.290001,29.000875,88.440002,78.459999,124.44948600000001
74.230003,28.855738,85.33000200000001,76.07,121.63398000000001
76.279999,29.402116999999997,87.970001,77.550003,122.438423
78.040001,29.888737,91.059998,79.0,124.690826
79.529999,30.059484,91.480003,79.410004,128.009659
79.650002,30.366827,96.66999799999999,79.83000200000001,129.940277
78.970001,30.571720000000003,97.910004,78.66999799999999,127.24659
78.639999,30.614404999999998,94.599998,78.5,128.607208
79.349998,30.537567,95.099998,78.760002,127.503998
78.989998,30.836365,97.059998,80.889999,129.149628
81.459999,30.861984000000003,94.66999799999999,81.660004,129.80238300000002
81.739998,30.938812,95.970001,81.93,130.124146
80.57,30.998577,96.43,81.33000200000001,130.29882800000001
81.739998,31.519344,98.019997,81.559998,131.061874
81.25,31.391287,98.389999,81.400002,130.62979099999998
82.650002,31.280296000000003,98.809998,81.629997,129.627686
82.769997,31.280296000000003,85.839996,81.370003,131.751373
84.41999799999999,31.314453000000004,87.910004,82.139999,132.882172
84.18,31.340061,85.989998,81.699997,131.337677
84.489998,31.365675,85.889999,82.550003,132.17428600000002
83.190002,31.399818,87.660004,82.190002,132.128311
83.589996,31.442514000000003,91.410004,81.760002,132.854599
83.099998,31.459583000000002,92.040001,81.5,134.803589
83.120003,31.305915999999996,91.650002,82.33000200000001,135.235687
82.480003,31.493732,91.25,81.800003,135.042633
84.339996,31.852303000000003,94.370003,81.019997,137.065186
83.800003,31.06687,93.559998,80.5,136.26535
83.66999799999999,30.378220000000002,93.099998,80.410004,135.888443
84.75,30.257708,93.440002,80.559998,135.483932
84.589996,30.507339,97.029999,81.33000200000001,136.88128700000001
85.0,30.068323,95.110001,81.16999799999999,136.164246
85.239998,30.197449,93.989998,81.18,136.587128
87.33000200000001,30.240492,93.93,80.239998,139.25325
91.769997,30.257708,95.889999,81.480003,139.096939
98.25,30.111361,96.589996,81.629997,139.25325
97.16999799999999,30.223271999999998,95.309998,78.91999799999999,141.02758799999998
96.660004,29.947813,95.120003,77.959999,140.108215
97.0,30.249094,96.370003,76.32,140.632263
97.0,30.292135,96.160004,76.910004,140.135818
96.860001,30.111361,95.870003,77.480003,140.08985900000002
95.650002,29.990852,95.260002,77.25,139.942749
95.790001,30.206059000000003,95.940002,78.019997,139.878387
93.879997,29.973633000000003,95.18,77.82,140.00708
93.940002,29.930597,97.32,80.160004,140.365631
95.059998,29.973633000000003,97.58000200000001,80.029999,139.354355
94.879997,30.223271999999998,97.300003,79.91999799999999,140.49435400000002
96.0,30.025288,97.449997,79.83000200000001,140.255325
97.190002,29.956413,97.449997,79.41999799999999,139.942749
97.41999799999999,29.853116999999997,97.379997,75.910004,140.512756
99.25,29.930597,97.379997,75.099998,141.40448
103.779999,29.930597,100.089996,75.41999799999999,142.158386
102.32,29.990852,99.150002,75.010002,140.760956
102.57,29.887559999999997,99.660004,74.879997,140.108215
99.620003,29.353851000000002,96.5,74.199997,137.819061
100.800003,29.827296999999998,99.050003,74.360001,139.565857
100.279999,29.302202,96.089996,73.059998,138.45341499999998
102.400002,29.216114,97.010002,73.82,137.745529
104.449997,29.388275,97.339996,73.989998,139.887589
104.639999,29.216114,99.480003,73.290001,138.591309
103.029999,28.966482,98.059998,73.0,139.896774
101.360001,29.104214000000002,98.25,72.910004,139.611771
106.0,29.508789,94.879997,74.18,140.751801
109.360001,29.396889,95.83000200000001,74.589996,142.369797
107.709999,29.491577000000003,95.940002,70.389999,141.40448
105.889999,28.957872,94.559998,70.190002,141.459671
108.260002,29.121433000000003,97.07,70.050003,142.75593600000002
108.75,29.259161,97.480003,71.620003,143.42704799999998
105.550003,28.682409000000003,96.66999799999999,71.199997,143.059341
105.790001,29.155857,98.550003,71.33000200000001,142.645584
105.379997,28.992306,102.629997,70.519997,142.231918
105.449997,29.026739000000003,102.339996,72.629997,141.165497
106.959999,29.181684000000004,106.279999,68.41999799999999,142.024719
107.08000200000001,28.966482,105.07,71.260002,142.412766
106.0,28.889008,104.82,70.910004,141.322556
108.410004,28.932043,103.33000200000001,75.099998,141.257874
105.230003,28.518864,100.589996,72.41999799999999,138.21817
103.620003,28.467205,99.5,72.230003,138.587753
102.150002,28.20035,100.230003,70.629997,139.52088899999998
101.849998,28.114271000000002,101.470001,74.269997,139.82578999999998
102.839996,27.976542,99.800003,72.83000200000001,139.03125
103.339996,28.140090999999998,118.790001,72.769997,140.324677
103.93,28.062621999999998,121.870003,72.82,139.899704
103.849998,28.010973,123.349998,72.589996,139.243744
103.940002,27.701082,127.5,74.0,138.754059
104.5,27.658039000000002,127.33000200000001,75.059998,139.91816699999998
104.220001,27.787157,126.510002,75.059998,140.980698
102.779999,27.890461,126.970001,74.949997,139.641037
102.379997,27.959324,126.470001,74.739998,138.707886
101.93,27.485876,126.57,75.129997,139.973618
101.690002,27.296495,124.870003,75.160004,139.271439
101.150002,26.745571,123.300003,75.449997,138.569275
98.510002,26.366814,122.339996,75.0,138.282852
97.75,25.729809,122.139999,74.139999,138.61546299999998
97.57,25.824505,122.029999,74.370003,138.412201
99.349998,26.151609,124.58000200000001,76.300003,140.79591399999998
99.849998,26.082062,124.339996,76.550003,142.08010900000002
96.66999799999999,27.925188000000002,122.190002,75.900002,149.75788899999998
94.339996,29.116274,115.41999799999999,73.629997,153.841644
92.989998,28.333803000000003,114.779999,74.589996,155.726425
89.769997,28.151235999999997,113.379997,72.760002,157.241653
91.0,28.020822999999996,113.589996,74.019997,155.23675500000002
92.860001,27.786084999999996,115.190002,73.309998,153.22258
94.07,27.586122999999997,115.029999,75.190002,153.028595
93.389999,27.368772999999997,115.209999,77.769997,153.943253
93.410004,27.447018,117.959999,76.150002,155.615555
93.209999,27.238365,118.040001,75.57,157.23239099999998
93.029999,27.316609999999997,117.690002,73.949997,157.57428000000002
93.010002,27.551346000000002,117.410004,73.730003,158.98783899999998
93.760002,27.420937,116.93,72.93,159.53298999999998
94.989998,27.751312,117.510002,72.93,161.805832
94.019997,27.942579,117.0,72.0,162.009064
89.860001,27.351384999999997,117.220001,68.459999,162.97918700000002
90.480003,27.499182,120.809998,68.410004,165.076477
90.989998,27.464411,119.160004,70.800003,164.937912
90.400002,27.438323999999998,124.57,70.620003,164.54058799999999
91.07,27.116646000000003,125.389999,71.779999,164.85472099999998
92.309998,26.899297999999998,123.239998,71.860001,160.456894
93.279999,27.560043,122.879997,71.16999799999999,162.04603600000002
92.470001,28.168622999999997,122.83000200000001,70.379997,160.521576
92.160004,28.542465000000004,123.779999,71.610001,161.048203
91.190002,28.533768,123.440002,71.33000200000001,160.521576
88.849998,28.472914000000003,125.0,70.230003,160.87261999999998
88.66999799999999,28.551163,124.220001,69.860001,161.14056399999998
88.93,28.542465000000004,125.449997,69.510002,161.343842
89.839996,28.559856,125.120003,69.860001,161.925919
89.25,28.168622999999997,126.5,70.110001,160.854172
86.800003,28.116463,125.58000200000001,69.900002,161.25148000000002
86.790001,28.238174,125.589996,69.870003,161.916672
87.540001,28.281646999999996,128.350006,69.849998,161.297668
87.370003,28.125149,125.889999,69.089996,159.884094
87.33000200000001,28.246868,125.33000200000001,69.150002,160.031906
87.809998,28.238174,123.800003,68.459999,159.523727
88.599998,28.690262,127.489998,70.540001,162.101471
90.510002,28.942391999999998,129.41000400000001,72.800003,162.184616
94.370003,29.220594000000002,131.809998,72.790001,162.738953
93.889999,29.10758,131.070007,73.800003,163.958557
94.720001,29.098885,130.949997,73.959999,162.674332
96.75,29.072796000000004,129.889999,73.980003,162.94224499999999
96.940002,28.542465000000004,130.5,75.769997,163.598251
95.900002,28.342503000000004,129.179993,75.209999,163.090073
96.269997,28.272951000000003,133.699997,75.639999,164.355835
96.120003,27.873028,132.889999,75.019997,162.581894
96.0,27.846943,133.259995,75.779999,163.305679
96.16999799999999,27.560043,138.41000400000001,75.57,164.99449199999998
96.059998,27.620898999999998,138.600006,76.029999,165.430649
98.410004,27.351384999999997,137.389999,76.160004,164.456299
101.43,27.081865000000004,140.110001,77.110001,164.474884
104.059998,27.203590000000002,139.520004,78.470001,162.683975
102.75,27.194893,138.96000700000002,77.949997,164.52127099999998
102.07,27.316609999999997,142.449997,78.209999,171.796188
101.019997,27.220974,141.220001,78.709999,169.31861899999998
101.309998,27.586122999999997,140.71000700000002,79.099998,168.02883899999998
101.57,27.81447,140.779999,78.58000200000001,167.98242199999999
100.839996,27.867165000000004,139.199997,80.129997,167.360718
100.389999,28.18334,140.25,80.209999,169.921768
100.900002,28.306295000000002,140.970001,79.75,169.847565
100.83000200000001,28.174557,144.0,80.209999,170.005295
103.57,28.227251000000003,144.740005,80.699997,169.94035300000002
103.339996,28.438036,144.139999,81.029999,169.429993
102.360001,28.411686,144.820007,80.639999,171.109543
103.099998,28.640038,143.199997,80.910004,173.15097
101.589996,28.762992999999998,140.820007,80.91999799999999,173.73556499999998
101.550003,29.43047,142.270004,81.66999799999999,174.440796
100.82,29.527077000000002,142.009995,80.82,175.136749
100.519997,29.527077000000002,142.220001,81.470001,175.43367
102.120003,29.527077000000002,142.600006,82.18,175.925461
104.199997,29.500732,143.860001,82.08000200000001,176.20384199999998
102.459999,29.913509,142.779999,82.07,174.72847
102.949997,30.089159000000002,143.25,81.779999,175.962601
103.599998,30.106721999999998,143.41000400000001,81.540001,176.677109
102.900002,29.966202000000003,142.130005,81.349998,176.129623
104.040001,30.229681,142.649994,83.809998,178.542252
103.190002,30.308722999999997,139.529999,82.66999799999999,177.280228
103.309998,30.317511,139.139999,82.220001,175.981171
102.309998,30.168209,141.940002,82.5,177.178146
102.629997,29.852037,141.429993,82.970001,177.669952
103.220001,29.781776,140.320007,83.480003,176.658539
103.239998,29.904728000000002,140.529999,83.279999,176.621384
103.389999,29.957428000000004,140.889999,83.510002,177.085358
105.18,29.957428000000004,143.520004,83.610001,177.75351
104.25,30.054035,143.190002,83.510002,176.07394399999998
103.690002,30.414118,145.25,83.480003,177.846298
105.629997,30.238464,144.389999,83.519997,176.909042
105.610001,30.141863,145.110001,83.029999,179.340225
107.25,30.194553000000003,145.830002,82.900002,178.143204
105.089996,30.080378000000003,142.419998,81.550003,175.090347
106.089996,30.2736,142.649994,81.879997,175.934753
108.25,30.115507,141.83999599999999,81.519997,175.897629
108.040001,29.860810999999998,142.020004,81.610001,174.004669
108.08000200000001,30.018904,144.059998,81.610001,172.120987
107.800003,30.001337,145.169998,82.139999,174.858353
109.510002,30.150646000000002,146.470001,82.379997,174.719162
108.849998,30.168209,148.059998,82.559998,175.173813
107.83000200000001,30.045256,147.809998,82.489998,173.70773300000002
108.089996,30.071603999999997,146.919998,82.309998,174.20881699999998
107.519997,30.159423999999998,145.5,82.970001,174.19026200000002
107.440002,30.027687,143.619995,85.339996,173.230179
108.040001,29.957428000000004,143.740005,85.0,173.64965800000002
108.989998,29.948645000000003,143.110001,84.379997,175.271454
111.699997,29.895946999999996,143.850006,84.239998,174.91726699999998
110.440002,29.799337,144.350006,83.860001,175.588394
110.629997,29.790552,143.830002,83.370003,173.686905
110.209999,29.755422999999997,142.919998,83.129997,174.050415
111.760002,29.860810999999998,147.25,84.199997,176.063782
111.230003,29.720297,143.360001,83.709999,174.656326
110.760002,29.518290999999998,139.759995,83.5,175.001175
112.959999,29.632465000000003,141.179993,84.050003,175.355377
113.110001,29.544643,142.869995,83.790001,176.110397
114.860001,29.632465000000003,143.830002,84.16999799999999,178.87870800000002
115.480003,29.650026,152.16000400000001,84.75,180.11840800000002
114.970001,29.729073,150.169998,84.949997,181.61906399999998
115.43,29.737862,153.080002,85.849998,181.78685
115.5,29.790552,152.199997,86.120003,180.63104199999998
116.68,29.667596999999997,155.350006,86.660004,180.03447
118.089996,29.518290999999998,156.449997,87.089996,180.892044
116.57,29.39534,155.58999599999999,86.550003,180.994553
115.860001,29.377772999999998,157.25,86.519997,181.339462
116.040001,29.404123,156.600006,86.970001,182.663025
116.860001,29.377772999999998,156.380005,86.860001,182.99856599999998
120.0,29.316291999999997,157.46000700000002,87.129997,183.240936
119.980003,29.289690000000004,160.279999,87.309998,181.190292
120.160004,29.298559,158.53999299999998,87.709999,181.740189
120.339996,29.271957,160.809998,89.040001,182.30883799999998
121.400002,29.369498999999998,160.020004,89.800003,181.926636
124.019997,28.908386,159.41000400000001,89.75,182.029175
120.720001,28.580282,153.199997,87.839996,178.971909
121.269997,28.571419,155.699997,87.75,179.55912800000002
123.220001,28.784239000000003,157.020004,87.400002,182.569778
124.75,28.482738,157.16000400000001,88.940002,184.322128
122.93,28.500473,157.949997,88.489998,185.785507
122.809998,28.420664000000002,157.75,89.599998,186.400726
123.629997,28.518210999999997,163.050003,91.269997,187.435349
123.989998,28.500473,162.429993,90.83000200000001,188.507248
123.910004,28.491608000000003,163.220001,90.860001,188.292877
122.459999,28.952724,163.070007,89.639999,189.448685
123.970001,29.005928000000004,162.990005,90.050003,188.76828
124.129997,28.855180999999998,165.179993,90.860001,189.868134
125.370003,28.686690999999996,165.059998,91.379997,187.789536
124.620003,28.438402000000004,165.169998,91.099998,184.965302
125.639999,28.376328000000004,165.610001,91.389999,185.366089
142.33999599999999,28.154638000000002,165.880005,91.25,186.083786
139.440002,29.059134000000004,158.029999,87.269997,185.925354
139.080002,28.997061,151.440002,86.18,184.927979
136.600006,28.89065,152.720001,87.269997,186.932022
136.669998,28.988191999999998,152.199997,87.16999799999999,187.612442
135.080002,29.094603999999997,151.759995,86.269997,188.311508
134.869995,29.236486,152.380005,86.0,188.908051
139.470001,29.458178999999998,153.399994,87.540001,190.632446
138.380005,29.759674,152.050003,86.91999799999999,190.017258
143.28999299999998,30.043434,155.029999,87.559998,190.045227
142.270004,30.203053999999998,154.889999,88.470001,187.593796
143.009995,30.300594,158.020004,88.620003,187.649734
142.729996,30.185315999999997,157.5,88.110001,186.605774
141.529999,29.945894,151.029999,87.68,185.33813500000002
143.949997,29.928165000000003,153.41000400000001,88.089996,187.192978
140.809998,29.821749,150.08999599999999,86.800003,183.5858
140.899994,29.786276,149.41000400000001,86.599998,184.648392
140.990005,29.990229,146.169998,86.099998,186.102432
144.869995,29.830614,147.610001,87.5,187.89965800000002
142.199997,29.458178999999998,146.25,86.849998,186.289673
142.429993,29.573453999999998,150.179993,87.91999799999999,188.386368
143.809998,29.626659000000004,152.669998,88.5,188.208557
145.809998,29.413836,154.330002,88.349998,187.122726
149.0,29.458178999999998,158.75,90.400002,188.245987
149.520004,29.511383000000002,158.21000700000002,89.57,187.347382
151.830002,29.644396,161.119995,90.0,188.283401
151.229996,29.484779,161.699997,89.290001,187.338028
153.75,29.582323,183.600006,89.269997,188.536163
153.149994,29.812881,183.860001,89.559998,189.397308
152.110001,29.741940999999997,183.600006,90.540001,189.45343
151.889999,29.688738,188.53999299999998,89.690002,191.46589699999998
152.259995,29.546847999999997,187.91000400000001,89.66999799999999,191.821609
152.440002,29.351763000000002,186.970001,90.629997,190.53923
155.78999299999998,29.165545,189.080002,91.07,182.208557
154.149994,29.263090000000002,182.679993,90.510002,181.440994
157.559998,29.396103000000004,184.03999299999998,90.620003,185.278763
154.949997,29.404974,181.66000400000001,90.800003,183.77171299999998
154.729996,29.334028000000004,182.029999,91.220001,183.958923
151.91000400000001,29.477295,180.740005,89.889999,185.37233
153.320007,29.933962,179.229996,90.349998,186.579819
153.330002,30.122,180.270004,90.449997,187.272476
158.83999599999999,29.826511,181.330002,90.5,188.274033
157.5,29.799647999999998,178.360001,90.260002,186.083725
157.490005,29.951871999999998,175.779999,90.120003,188.14299
151.770004,29.925009000000003,169.139999,87.629997,185.59698500000002
151.699997,29.772785,171.399994,88.290001,185.231979
154.610001,29.826511,171.0,90.25,187.487778
157.75,29.889189000000002,168.5,90.699997,186.729614
159.5,29.871285999999998,169.979996,92.239998,187.777954
163.919998,29.504158,166.08999599999999,90.879997,185.325516
167.5,29.253441,166.53999299999998,90.760002,186.018204
169.25,29.334024,166.759995,91.760002,186.018204
174.46000700000002,29.683243,169.33999599999999,92.949997,188.358292
175.800003,29.763838,169.059998,93.07,186.972961
175.0,29.754877,168.130005,94.150002,186.710876
171.740005,29.898146,165.949997,94.099998,186.317749
168.300003,29.969782000000002,167.119995,93.660004,185.213226
167.41000400000001,29.996640999999997,168.809998,93.83000200000001,188.096191
171.25,29.951871999999998,174.690002,94.860001,188.34892299999998
171.740005,30.372715000000003,174.71000700000002,95.489998,188.470596
171.03999299999998,30.408533000000002,174.740005,96.010002,187.20696999999998
169.919998,30.265265999999997,174.520004,96.18,186.018204
168.139999,30.435404,179.25,95.82,184.155502
170.479996,30.435404,179.0,96.730003,184.436279
169.0,30.533896999999996,176.419998,96.43,185.213226
174.059998,30.730890000000002,181.740005,97.709999,187.515839
175.309998,31.671083000000003,185.149994,96.849998,186.270935
178.970001,31.393499,183.639999,95.610001,184.258469
177.100006,31.993429,182.630005,95.300003,184.988586
176.699997,31.662128000000003,182.350006,94.629997,185.587646
179.979996,31.832256,184.619995,95.739998,189.247513
180.070007,31.742721999999997,185.679993,95.349998,190.127441
177.949997,32.226246,185.509995,95.209999,191.203857
177.389999,32.20834,188.779999,94.860001,192.561096
178.139999,32.199383000000005,187.350006,94.940002,192.270935
169.58999599999999,31.796438000000002,178.550003,92.470001,191.76544199999998
167.020004,31.608397999999998,179.380005,92.339996,192.19606000000002
170.990005,31.742721999999997,181.970001,93.209999,193.57200600000002
170.240005,31.87702,180.699997,92.599998,191.915253
172.71000700000002,31.966578000000002,181.350006,93.41999799999999,192.430054
173.610001,32.297878000000004,177.009995,93.940002,195.369217
178.559998,32.36055,179.190002,95.360001,197.0634
178.71000700000002,32.199383000000005,184.449997,95.519997,197.78416399999998
178.889999,32.235199,194.389999,95.730003,200.594101
179.199997,32.279971999999994,198.020004,96.32,199.795273
182.08999599999999,32.36055,196.869995,96.269997,200.66925
183.119995,32.593369,195.080002,95.389999,199.748245
184.690002,32.638134,194.949997,96.010002,200.011414
180.529999,32.548595,195.860001,96.739998,200.847824
178.449997,32.539646000000005,199.490005,96.940002,200.490692
179.559998,32.217285,202.679993,97.150002,200.584702
175.320007,32.41428,199.479996,96.720001,198.79908799999998
179.610001,32.082977,195.53999299999998,96.440002,197.718399
177.929993,32.4501,195.130005,97.190002,198.893082
177.320007,32.611278999999996,194.16000400000001,98.900002,200.979416
173.130005,32.593369,192.470001,98.440002,199.710693
173.699997,32.476955,196.020004,98.660004,199.30658
170.220001,32.378468,193.770004,99.589996,194.767502
170.320007,32.002392,195.21000700000002,100.050003,191.62866200000002
176.149994,31.87702,199.53999299999998,100.699997,192.643631
181.580002,31.474090999999998,198.369995,100.699997,193.752548
184.889999,31.393499,196.429993,102.339996,190.754669
186.080002,31.572588,198.0,101.949997,189.476624
184.809998,31.751663,199.320007,102.599998,191.544098
183.21000700000002,31.832256,200.009995,102.709999,191.769608
187.83999599999999,31.626314,200.130005,102.41999799999999,190.18141200000002
188.509995,31.662128000000003,195.889999,102.720001,191.487686
185.899994,31.644221999999996,196.440002,105.029999,190.416351
185.130005,31.806871,193.899994,103.599998,186.892227
186.41000400000001,31.788791999999997,192.020004,105.239998,187.738007
184.53999299999998,31.897226,195.080002,105.779999,188.07634
181.78999299999998,31.969521000000004,195.71000700000002,106.230003,188.16090400000002
181.479996,31.951446999999998,192.119995,105.43,187.00499
185.429993,32.132172,195.509995,107.029999,187.22113000000002
185.130005,31.960476,193.199997,107.58000200000001,185.858475
188.0,31.942406,194.100006,107.370003,186.77005
190.899994,32.114090000000004,196.229996,108.800003,188.048157
189.83999599999999,32.014702,196.320007,106.83000200000001,187.99173000000002
191.190002,32.068913,195.75,107.150002,187.954163
188.029999,32.068913,195.050003,106.58000200000001,188.959732
186.690002,32.394211,199.179993,106.459999,191.891785
179.91000400000001,32.719505,188.149994,103.529999,191.872986
177.080002,32.764687,187.580002,104.32,194.682907
174.610001,32.846016,186.820007,103.83000200000001,190.43515
169.580002,32.583969,184.03999299999998,99.849998,189.542389
168.96000700000002,32.195419,184.21000700000002,100.690002,187.869583
172.630005,32.132172,185.300003,102.91999799999999,188.151489
174.470001,32.07795,185.199997,104.07,188.113907
177.619995,32.294810999999996,188.53999299999998,103.440002,188.959732
179.28999299999998,32.719505,186.220001,104.540001,187.615829
174.639999,33.053852,185.729996,103.66999799999999,184.364243
176.470001,33.108063,187.860001,103.940002,184.787155
171.75,32.945408,189.559998,104.239998,184.401825
173.550003,33.614082,190.119995,105.480003,186.864014
173.369995,33.550823,190.419998,105.08000200000001,186.497513
171.279999,33.379139,187.020004,104.260002,187.79440300000002
172.639999,32.945408,188.820007,103.389999,189.175858
175.320007,32.746613,188.619995,103.620003,190.284805
176.28999299999998,32.65625,189.940002,102.629997,190.43515
172.330002,32.719505,187.759995,102.540001,189.80551100000002
172.970001,32.827942,186.240005,102.650002,190.51033
172.300003,32.864082,192.71000700000002,102.790001,191.58168
172.429993,32.728546,191.96000700000002,102.230003,191.19635
183.649994,32.927341,201.070007,104.410004,188.414673
184.0,33.171303,205.050003,105.290001,189.589355
185.71000700000002,33.243598999999996,205.630005,106.68,192.850372
190.699997,33.30685,209.99000499999997,108.099998,192.371078
190.330002,32.936375,212.05000299999998,108.860001,192.371078
190.800003,32.900223,209.309998,109.150002,193.480026
189.78999299999998,32.954445,212.520004,108.800003,192.41806
188.75,33.035773999999996,217.24000499999997,109.099998,193.13230900000002
187.78999299999998,33.017696,221.229996,110.239998,197.90631100000002
182.399994,33.071907,221.52999900000003,108.889999,193.902924
183.830002,33.596008000000005,217.5,110.040001,195.96101399999998
184.399994,33.424324,220.330002,111.769997,196.074265
184.050003,33.379139,220.460007,111.93,197.300888
184.020004,33.37011,227.580002,112.889999,196.451675
192.279999,33.270706,250.289993,113.239998,195.772278
195.529999,33.37011,261.299988,112.849998,206.897003
198.330002,33.641186,269.700012,111.959999,213.74732999999998
205.220001,35.249603,274.600006,113.699997,213.473694
203.009995,35.258629,284.589996,113.300003,212.775467
199.66000400000001,34.156239,278.799988,112.230003,211.624298
204.28999299999998,33.469505,270.299988,113.910004,209.925888
192.220001,33.588058000000004,265.070007,112.739998,212.501831
187.309998,33.387428,267.429993,110.779999,209.208725
180.529999,31.618184999999997,254.25999500000003,107.650002,199.301254
185.169998,32.174492,265.72000099999997,109.57,200.471283
180.300003,31.900902000000002,264.559998,110.050003,202.820786
173.699997,30.669739,250.100006,104.029999,194.422974
176.669998,31.153086,249.47000099999997,106.980003,200.131561
177.440002,31.609066,257.950012,108.550003,197.706604
179.25,31.864428000000004,258.269989,107.690002,199.85794099999998
186.759995,32.092415,266.0,109.019997,205.93454
187.449997,32.566646999999996,280.269989,113.120003,212.681061
183.679993,33.068236999999996,278.519989,112.860001,211.53938300000002
187.190002,32.840233000000005,278.549988,114.349998,209.312515
188.820007,32.61224,281.040009,114.480003,208.293472
188.75,32.594006,278.140015,113.0,207.717926
193.28999299999998,33.068236999999996,285.929993,114.959999,208.52938799999998
194.190002,33.825169,294.160004,116.650002,213.98323100000002
188.259995,33.560696,290.609985,116.470001,211.256302
186.139999,33.113834000000004,291.380005,116.25,209.897552
181.990005,32.493683000000004,290.390015,119.43,206.783752
179.759995,32.785519,301.049988,121.91999799999999,210.73735
181.600006,32.940552000000004,315.0,122.5,211.96397400000004
187.369995,32.721684,325.22000099999997,124.480003,212.12438999999998
189.050003,32.767281,321.160004,125.33000200000001,213.51145899999997
187.179993,33.287102000000004,317.0,126.360001,213.860535
190.550003,33.533337,331.440002,127.410004,216.974335
192.740005,33.387428,321.299988,126.779999,211.96397400000004
188.41000400000001,33.515102,315.880005,126.730003,210.74677999999997
192.559998,33.150307,321.549988,127.989998,209.18045
199.059998,33.360069,321.089996,127.220001,210.039108
200.279999,33.542454,318.450012,125.970001,210.17120400000002
194.529999,33.132071999999994,313.480011,124.980003,211.26574700000003
198.949997,33.132071999999994,317.5,125.120003,212.66223100000002
195.300003,33.077351,316.480011,121.699997,211.12419100000002
184.649994,32.466328000000004,306.700012,118.040001,206.047791
181.199997,31.454034999999998,300.940002,114.43,206.462952
190.5,31.955617999999998,320.350006,118.970001,210.860016
181.889999,31.928263,300.690002,113.809998,208.595428
178.91000400000001,32.192738,285.769989,112.879997,205.019272
183.53999299999998,32.366009000000005,295.350006,116.300003,208.434998
177.610001,31.964734999999997,280.290009,115.300003,206.529007
174.669998,32.539288,283.670013,116.489998,207.887756
172.070007,32.949677,288.940002,119.480003,206.208191
172.570007,32.584885,293.97000099999997,119.040001,208.736969
167.520004,32.074172999999995,288.850006,116.099998,203.566193
169.869995,32.338654,289.929993,117.190002,202.83021499999998
177.100006,32.785519,298.070007,119.489998,202.348984
175.360001,32.639606,303.670013,119.160004,204.113449
175.919998,33.122952000000005,309.25,121.400002,206.795303
172.03999299999998,33.122952000000005,311.649994,119.010002,206.97534199999998
174.699997,33.314465000000006,307.77999900000003,119.410004,206.965881
178.699997,33.132071999999994,336.059998,123.349998,209.818298
182.679993,33.277985,334.519989,124.459999,213.68469199999998
181.389999,33.314465000000006,332.700012,124.059998,213.20138500000002
179.110001,33.405666,327.769989,122.82,211.429276
175.570007,33.560696,318.690002,121.889999,214.13006600000003
173.08999599999999,33.797813,307.019989,117.879997,210.39633199999997
170.220001,33.451263,305.76001,117.32,203.29849199999998
173.899994,33.606293,313.980011,120.83000200000001,200.664047
177.16000400000001,33.743095000000004,311.76001,120.220001,193.04496799999998
178.53999299999998,33.387428,312.459991,120.989998,190.770599
179.5,32.283939000000004,313.299988,123.110001,186.970551
181.449997,31.818825,313.359985,122.82,185.435349
182.449997,31.700266,311.690002,124.410004,184.790955
188.889999,31.773221999999997,320.089996,125.120003,184.85728500000002
195.350006,31.855299,326.26001,126.970001,186.165024
196.309998,31.900902000000002,326.890015,128.75,189.16906699999998
195.429993,32.074172999999995,330.299988,129.729996,190.524216
195.96000700000002,32.267563,329.600006,130.619995,191.11175500000002
194.360001,32.691165999999996,326.459991,130.630005,193.24395800000002
198.639999,33.022686,328.52999900000003,127.690002,192.43846100000002
196.610001,32.866135,326.130005,128.130005,191.092804
198.110001,32.856922,328.190002,128.770004,190.00299099999998
196.020004,32.884552,325.22000099999997,126.050003,191.19703700000002
195.0,32.820091,324.179993,126.959999,191.91726699999998
197.639999,32.967426,331.820007,126.370003,194.99710100000001
195.869995,32.893768,331.619995,125.440002,193.67038
196.800003,33.123974,344.72000099999997,128.08999599999999,194.798096
197.369995,33.050304,349.290009,128.740005,197.80213899999998
199.199997,32.856922,351.290009,127.959999,197.224091
198.0,32.875343,349.730011,126.879997,191.244431
197.979996,33.197651,353.540009,129.300003,193.357666
198.009995,33.087151,351.600006,129.330002,191.14965800000002
204.33999599999999,33.381821,359.929993,130.520004,192.81753500000002
208.949997,33.566006,361.809998,132.649994,191.993073
208.369995,33.556789,365.799988,134.119995,190.571609
208.300003,33.501540999999996,367.450012,135.550003,190.960129
203.619995,33.60284,361.399994,132.91000400000001,192.229965
205.070007,33.768593,360.570007,133.529999,191.974121
205.699997,33.427872,361.450012,133.979996,191.140198
209.080002,33.427872,363.829987,136.259995,188.107727
206.619995,33.354198,379.929993,136.5,189.358627
210.86000099999998,33.29895,392.869995,138.41000400000001,185.568024
208.0,33.48312,391.980011,138.41000400000001,185.549072
208.570007,33.29895,390.399994,139.800003,185.71018999999998
204.429993,33.354198,404.980011,139.520004,180.706619
206.229996,33.575210999999996,416.76001,138.940002,181.379425
202.21000700000002,33.427872,415.440002,137.880005,178.564957
202.009995,33.62125,411.089996,135.009995,179.465195
191.25,33.501540999999996,384.480011,133.190002,179.19986
191.419998,33.501540999999996,399.390015,135.479996,178.915558
185.020004,33.344994,390.390015,133.220001,176.15791299999998
188.380005,33.48312,395.420013,135.119995,177.62673999999998
185.529999,33.409451000000004,391.429993,136.399994,176.65069599999998
186.360001,33.455498,398.179993,140.429993,177.56041000000002
184.75,33.473911,390.519989,137.83999599999999,179.758972
186.880005,33.95277,398.390015,139.770004,179.701813
192.270004,34.173782,408.25,141.399994,179.83514399999999
192.75,34.219826,418.97000099999997,141.759995,182.40638700000002
192.550003,34.468456,415.630005,142.449997,183.606323
187.419998,34.265869,418.649994,145.25,182.377823
190.169998,34.551342,413.5,148.16000400000001,184.406235
190.03999299999998,34.560551000000004,395.799988,147.610001,183.549179
190.350006,34.422424,400.480011,146.96000700000002,182.368301
192.66000400000001,34.671054999999996,379.480011,147.020004,183.14918500000002
190.78999299999998,34.680267,375.130005,147.83999599999999,186.110901
187.33999599999999,34.404007,364.230011,147.16000400000001,185.082413
187.25,34.376381,361.049988,146.869995,185.968048
187.03999299999998,34.265869,362.660004,147.559998,184.015823
189.0,34.717098,357.320007,146.0,187.367966
197.979996,34.98415,362.869995,148.869995,193.748459
194.179993,35.140701,363.089996,147.570007,190.920074
189.419998,35.370926000000004,355.209991,143.91000400000001,189.177368
184.820007,35.536678,334.959991,138.029999,186.901291
187.229996,36.770653,337.450012,137.149994,190.23443600000002
185.270004,37.083752000000004,338.380005,137.679993,186.66323899999998
182.600006,36.823715,344.5,141.139999,185.644241
180.83999599999999,37.650271999999994,343.089996,141.03999299999998,184.834808
178.619995,38.114632,350.920013,142.71000700000002,184.291962
179.919998,37.928886,351.829987,144.440002,186.920349
177.520004,38.458256,347.609985,145.169998,185.82521100000002
177.190002,38.077484000000005,349.359985,145.820007,183.387268
180.009995,38.012478,345.869995,145.509995,182.663498
177.679993,37.901028000000004,341.309998,144.449997,182.69206200000002
172.529999,37.808155,337.48999,146.570007,184.39674399999998
169.830002,38.226078,326.399994,145.03999299999998,183.139679
171.990005,38.467545,322.440002,145.729996,183.263458
172.779999,39.08979,316.77999900000003,145.020004,184.444321
176.28999299999998,39.312683,327.730011,145.71000700000002,185.625229
177.919998,39.154804,338.019989,145.529999,185.66331499999998
177.850006,39.071209,344.440002,146.46000700000002,183.301575
172.229996,39.19194,339.170013,147.830002,182.45401
174.229996,39.377693,358.820007,152.300003,183.40631100000002
180.649994,38.616138,364.579987,151.679993,185.977585
178.190002,38.54184,368.48999,152.990005,186.29183999999998
178.5,38.54184,368.040009,154.800003,185.425232
174.600006,38.54184,370.980011,152.139999,183.33010900000002
175.009995,38.560417,367.679993,152.679993,184.177704
170.440002,38.421104,363.600006,153.21000700000002,183.425369
164.229996,38.866894,341.179993,148.649994,184.730026
159.869995,38.801884,346.459991,148.830002,185.92996200000002
162.369995,39.19194,348.679993,150.429993,185.425232
156.360001,39.061932,348.410004,151.320007,186.358521
157.46000700000002,39.294113,355.929993,152.83999599999999,186.710846
161.46000700000002,39.386978000000006,369.950012,155.369995,186.844162
165.529999,39.795612,368.149994,158.179993,189.101181
164.740005,39.897778,364.559998,157.490005,190.948654
158.889999,39.944206,350.350006,154.919998,192.7771
156.649994,40.408569,367.649994,156.0,194.853165
162.630005,40.176388,366.959991,152.899994,194.281738
165.880005,40.631462,365.359985,155.5,193.1866
164.630005,40.919365,361.190002,155.520004,194.900757
163.16000400000001,40.798626,369.609985,158.779999,193.158035
164.25,40.66861,369.429993,158.869995,193.777008
165.399994,40.566448,377.880005,158.330002,192.234268
166.320007,40.770771,380.709991,160.429993,192.443771
164.759995,40.928653999999995,374.130005,159.029999,194.957901
162.0,41.114391,381.429993,159.860001,195.700684
160.229996,41.067959,377.140015,157.259995,195.205521
162.369995,41.615906,377.049988,159.100006,195.910217
156.130005,41.513740999999996,363.649994,154.899994,196.981674
154.630005,41.708775,351.350006,155.070007,197.373871
151.139999,42.052402,349.100006,148.649994,198.17746
146.940002,42.228854999999996,355.709991,148.5,195.307541
138.28999299999998,41.337284000000004,325.890015,137.809998,189.242447
141.899994,39.758469,321.100006,139.240005,184.574036
147.28999299999998,40.659321000000006,339.559998,146.740005,183.531326
144.16000400000001,40.046364000000004,333.130005,141.949997,184.277512
149.600006,40.798626,346.399994,147.440002,186.267303
148.139999,41.393013,364.700012,147.009995,185.435013
142.020004,40.863640000000004,346.709991,142.83999599999999,182.928619
142.929993,41.327999,332.670013,140.490005,182.010223
148.800003,41.207264,329.540009,142.949997,181.895447
146.649994,40.956516,333.160004,140.66000400000001,179.6091
139.610001,39.451984,301.829987,133.259995,165.728241
144.600006,40.315697,312.869995,140.800003,163.202728
142.869995,39.563427000000004,299.829987,135.520004,162.494797
133.380005,40.148525,284.839996,130.990005,159.797073
136.330002,39.832764000000005,285.809998,132.169998,164.43678300000002
142.279999,39.990646000000005,301.77999900000003,137.240005,165.096848
151.25,40.557167,317.380005,139.58999599999999,170.66449
147.58999599999999,39.869915,309.100006,136.78999299999998,169.306076
144.639999,40.417858,315.440002,135.440002,170.253159
147.440002,39.944206,310.839996,133.949997,174.29972800000002
152.5,41.235134,327.5,141.78999299999998,177.007004
148.990005,41.038589,317.920013,141.869995,176.557404
144.850006,41.441021,303.47000099999997,136.919998,176.500015
142.820007,41.281925,294.070007,130.5,173.161301
146.979996,40.729748,294.399994,132.16000400000001,172.271637
150.440002,40.158859,286.730011,129.350006,172.042053
156.220001,40.439621,290.059998,132.490005,174.43367
154.100006,40.720394,286.209991,132.550003,175.12243700000002
149.529999,41.347435,270.600006,121.010002,171.60199
145.979996,40.739105,266.980011,120.66999799999999,168.292038
149.41000400000001,40.336674,262.130005,123.589996,169.086029
150.330002,40.374111,258.820007,122.029999,170.530548
156.009995,40.561291,261.429993,126.410004,171.898575
156.46000700000002,41.244484,266.630005,127.540001,170.894073
159.33999599999999,42.021267,282.649994,140.639999,174.1371
156.279999,42.592159,288.75,139.720001,174.271042
160.860001,43.265999,286.130005,142.759995,176.873108
163.740005,43.041389,290.299988,144.149994,173.697067
158.33999599999999,42.245884000000004,275.329987,139.240005,165.670837
155.830002,42.096142,282.880005,142.059998,163.604492
153.059998,41.104103,265.140015,135.949997,160.122345
151.429993,41.553333,269.700012,137.270004,164.733307
151.830002,41.188334999999995,265.320007,136.78999299999998,164.80029299999998
151.5,41.328720000000004,274.880005,140.08999599999999,163.795837
151.479996,41.712429,276.019989,141.139999,163.594925
149.0,40.991795,266.839996,137.03999299999998,161.643372
143.979996,40.346039000000005,262.799988,130.830002,156.362762
140.820007,39.681557,270.940002,132.320007,155.750473
137.139999,39.279125,266.769989,131.16000400000001,152.096146
135.110001,39.26041,260.579987,127.730003,147.906052
132.0,39.241692,246.38999900000002,122.910004,143.964676
131.889999,37.950169,233.88000499999998,121.33000200000001,141.783554
138.0,39.485015999999995,253.669998,130.83999599999999,145.571854
138.449997,40.102703000000005,255.57000699999998,135.199997,148.39390600000002
139.08999599999999,40.205653999999996,256.079987,134.679993,148.585266
137.070007,40.851418,267.660004,136.970001,150.393295
136.699997,40.477058,267.660004,135.550003,150.441147
130.600006,39.344639,271.200012,130.399994,146.719803
139.75,40.243088,297.570007,137.96000700000002,150.929016
143.100006,40.45834,315.339996,142.220001,151.770874
146.78999299999998,40.645523,320.269989,145.720001,151.780426
151.919998,40.561291,319.959991,145.990005,153.92330900000002
151.690002,39.597332,324.660004,147.03999299999998,155.38696299999998
151.320007,40.130783,337.589996,147.550003,156.707123
149.270004,39.653481,332.940002,146.050003,157.395874
150.880005,39.990402,354.640015,149.190002,156.066193
154.83999599999999,39.410152000000004,351.390015,148.53999299999998,156.506256
155.970001,39.74707,353.190002,149.820007,159.440659
157.020004,39.803222999999996,339.100006,152.509995,162.19229099999998
152.149994,39.559891,325.160004,148.949997,160.883835
152.029999,39.456947,321.98999,149.75,162.413574
155.860001,38.324524,326.670013,146.869995,164.347443
159.21000700000002,38.034397,338.049988,149.740005,164.732269
158.919998,36.995564,335.660004,147.330002,165.665527
156.880005,38.156059,328.899994,145.179993,169.331146
166.820007,38.914127,340.660004,149.16000400000001,164.43399
168.490005,40.075325,339.5,151.970001,164.684158
167.970001,40.48127,339.850006,155.869995,162.62524399999998
166.699997,40.065884000000004,351.339996,157.720001,167.99382
171.830002,39.754349,355.809998,158.990005,165.69438200000002
171.520004,39.962036,352.190002,158.130005,166.213913
166.96000700000002,39.367278999999996,344.709991,154.929993,167.012466
167.360001,39.867634,347.570007,156.669998,165.598145
167.449997,39.348403999999995,345.730011,159.91000400000001,164.453247
168.71000700000002,39.527771,359.97000099999997,162.78999299999998,166.213913
169.399994,39.367278999999996,351.769989,160.399994,166.906631
168.380005,39.622169,359.070007,159.470001,165.578918
166.149994,40.028121999999996,356.869995,159.050003,168.59996
170.179993,40.216934,361.920013,160.610001,168.157364
170.71000700000002,39.839306,359.910004,158.53999299999998,167.83985900000002
171.66000400000001,39.782665,356.97000099999997,159.630005,165.126755
176.919998,40.556796999999996,363.019989,161.309998,166.002243
183.25,40.670086,363.910004,161.360001,166.579514
183.53999299999998,40.613434000000005,364.97000099999997,163.0,163.558502
184.580002,40.528473,362.869995,163.119995,162.92349199999998
183.029999,40.92498,358.100006,163.649994,163.770172
183.880005,40.934418,357.320007,164.529999,162.865768
187.25,40.660637,351.040009,158.5,160.43164099999998
185.0,40.490711,354.299988,156.970001,161.663147
184.169998,39.51833,359.609985,156.78999299999998,160.162247
177.320007,39.074622999999995,352.600006,155.600006,160.03717
175.029999,38.602592,349.600006,155.059998,159.844772
180.41000400000001,39.178467,358.859985,157.649994,163.087067
180.630005,39.395599,356.269989,158.279999,162.375107
180.699997,39.659935,361.209991,159.809998,165.213318
180.360001,38.885807,358.820007,160.669998,163.164017
180.970001,39.442799,361.459991,161.509995,163.356445
181.830002,39.471123,363.440002,161.949997,165.165222
182.139999,39.933716,358.77999900000003,163.929993,164.25118999999998
181.279999,39.810986,375.22000099999997,163.509995,162.10571299999998
181.5,39.980915,377.869995,166.949997,163.394958
176.259995,39.508888,361.01001,161.5,159.565765
178.770004,39.54665,366.230011,160.880005,160.306549
178.080002,40.046997,359.97000099999997,159.399994,160.575958
177.029999,39.669376,353.369995,155.119995,160.24884
177.729996,39.924278,354.609985,155.179993,161.403366
182.449997,40.094204,356.559998,158.369995,162.865768
180.889999,40.443508,366.959991,161.179993,165.78096000000002
181.740005,40.509586,367.72000099999997,160.509995,163.50076299999998
178.320007,40.443508,369.75,162.619995,161.39373799999998
181.070007,40.349106,367.880005,158.520004,162.759949
185.350006,40.585114000000004,365.48999,158.559998,164.636047
186.5,40.726727000000004,361.410004,158.470001,165.771362
187.190002,40.443508,364.709991,156.970001,162.759949
186.190002,40.339661,363.920013,160.240005,162.95236200000002
184.979996,39.905396,367.649994,160.729996,165.93360900000002
188.91000400000001,39.376717,351.140015,160.71000700000002,169.321396
183.070007,39.735458,348.869995,160.08999599999999,166.485321
185.779999,38.630913,359.459991,158.690002,168.169556
187.550003,37.649094,354.73999,155.33999599999999,168.93421899999998
186.940002,37.177063000000004,360.350006,155.990005,171.17983999999998
185.380005,36.799442,377.339996,158.759995,171.35408
187.28999299999998,37.214821,381.890015,161.229996,176.522842
185.669998,37.167618,374.230011,159.559998,174.935425
187.880005,37.394192,368.329987,163.08999599999999,171.208878
187.08999599999999,37.734062,374.850006,165.96000700000002,172.360733
186.940002,37.375316999999995,371.829987,165.360001,173.46418799999998
185.570007,38.338253,370.540009,165.350006,172.989899
189.309998,38.489304,378.809998,162.149994,170.734589
190.389999,38.715878000000004,379.059998,161.830002,168.972961
195.21000700000002,39.074622999999995,385.02999900000003,163.33999599999999,171.024994
188.240005,39.320076,378.670013,162.5,169.73761000000002
181.429993,38.545947999999996,370.459991,156.899994,165.014053
179.58999599999999,38.659237,364.369995,156.860001,162.894272
179.03999299999998,38.706852000000005,362.75,156.309998,166.533737
178.0,38.783051,361.040009,159.940002,167.53071599999998
170.009995,38.640186,345.26001,153.149994,162.603912
174.83999599999999,38.725906,345.609985,158.070007,163.08789099999998
177.600006,39.192603999999996,354.98999,155.059998,162.34256000000002
175.570007,39.659286,359.309998,158.479996,164.404282
169.570007,39.497378999999995,354.450012,154.570007,161.035843
160.649994,39.611668,348.109985,155.979996,163.86222800000002
163.429993,39.687859,354.269989,155.779999,165.952972
158.830002,39.992641,359.730011,157.639999,163.852554
156.0,39.925971999999994,352.209991,153.71000700000002,158.335327
155.0,39.954544,354.390015,154.509995,158.770874
154.809998,39.906921000000004,355.059998,155.190002,158.412735
152.479996,39.735481,349.190002,152.889999,157.106018
151.070007,39.906921000000004,351.850006,155.66000400000001,157.028595
149.259995,39.544998,343.27999900000003,151.41000400000001,155.663803
149.91000400000001,39.925971999999994,336.630005,145.100006,157.919098
154.149994,40.221226,353.399994,150.809998,162.40063500000002
151.649994,40.459332,355.730011,158.440002,166.42726100000002
151.5,40.678391,357.130005,159.309998,166.46598799999998
154.229996,40.878403000000006,360.869995,161.270004,168.392181
159.850006,41.021263,352.01001,152.78999299999998,167.83078
162.649994,40.640293,351.269989,150.149994,164.288116
160.03999299999998,41.030796,345.559998,151.279999,164.588181
160.330002,40.478378,343.429993,151.33999599999999,166.42726100000002
158.100006,40.726013,339.730011,150.009995,165.759384
159.91000400000001,40.840302,350.619995,150.28999299999998,166.2724
165.509995,41.021263,357.119995,150.58999599999999,168.024353
165.46000700000002,41.430813,363.519989,154.139999,168.053406
168.25,41.526051,365.209991,157.199997,172.254257
167.550003,41.592728,369.209991,156.83999599999999,171.741241
168.100006,41.67844,371.040009,152.559998,172.118759
165.800003,41.67844,360.299988,149.33999599999999,171.94451899999999
168.990005,40.945071999999996,362.200012,149.03999299999998,173.164108
170.899994,41.364143,370.019989,150.690002,172.02195700000001
169.449997,41.259373,367.320007,151.729996,175.990509
175.050003,41.687969,374.600006,154.059998,176.687393
175.449997,42.116566,375.429993,154.119995,177.68438700000002
174.669998,42.288006,381.72000099999997,155.58999599999999,177.781708
173.300003,41.830833,380.549988,154.580002,177.42157
168.449997,41.24033,376.160004,152.809998,176.633148
168.800003,41.306995,379.929993,153.949997,176.01023899999998
166.929993,41.964176,381.0,156.270004,177.67463700000002
166.550003,40.935551000000004,379.5,158.899994,178.70639
169.070007,40.383140999999995,373.25,158.080002,180.886703
173.5,40.716488,366.600006,159.649994,181.431763
174.190002,40.811729,365.98999,157.130005,181.908707
174.820007,40.706965999999994,362.440002,158.240005,178.65773000000002
172.800003,41.011745,325.209991,157.979996,178.29759199999998
172.990005,40.735538,315.100006,156.75,178.949738
174.0,40.783161,310.619995,157.699997,179.699219
178.08999599999999,41.040318,307.299988,156.25,181.013229
178.669998,40.849831,317.940002,159.75,182.63871799999998
177.28999299999998,40.640293,326.459991,159.350006,182.609528
178.740005,41.040318,335.77999900000003,159.970001,184.673004
177.020004,39.478328999999995,332.700012,156.21000700000002,184.770355
174.100006,36.944855,325.929993,156.96000700000002,184.07926899999998
173.110001,36.992477,322.98999,154.5,180.984039
165.649994,36.771370000000005,319.5,150.809998,178.540924
161.0,36.531036,318.829987,145.699997,177.119858
153.669998,35.531239,307.630005,142.820007,172.058441
157.429993,35.521626,310.100006,142.800003,175.854492
159.169998,35.165928,304.290009,141.639999,176.029709
162.220001,35.444717,315.899994,143.820007,179.2612
159.119995,34.944817,308.929993,143.369995,179.193085
159.309998,34.021931,310.829987,140.720001,176.487167
164.029999,33.839271999999994,312.27999900000003,143.880005,178.229462
162.059998,32.916385999999996,299.109985,139.720001,176.01023899999998
166.970001,33.14711,295.76001,142.130005,177.363174
174.600006,33.310534999999994,302.799988,143.889999,179.436401
178.279999,33.820045,309.380005,143.669998,182.590057
177.21000700000002,33.272079,298.98999,145.53999299999998,182.181244
175.240005,33.52203,297.809998,147.380005,183.456329
171.91000400000001,33.723919,296.929993,148.240005,182.551117
164.53999299999998,33.01252,291.440002,151.570007,178.65773000000002
165.899994,33.493190999999996,294.980011,155.139999,179.728409
166.199997,33.01252,291.02999900000003,153.570007,178.472794
167.479996,33.723919,291.769989,151.830002,180.49736000000001
172.809998,33.964252,296.77999900000003,155.929993,184.419952
175.029999,34.175743,293.75,156.070007,186.171967
172.41000400000001,34.723709,289.290009,152.729996,184.235001
174.330002,34.44492,291.519989,152.46000700000002,185.626892
178.940002,34.935207,293.25,153.770004,187.145325
176.690002,35.08902,290.170013,151.070007,187.534653
177.779999,35.406265000000005,294.339996,149.53999299999998,183.05728100000002
174.990005,35.935001,287.98999,149.649994,182.862579
176.08999599999999,35.963844,288.269989,154.08999599999999,183.57312
178.240005,35.838863,288.859985,154.75,184.361542
179.169998,35.48317,294.149994,152.979996,184.896896
177.070007,35.406265000000005,294.290009,153.009995,185.879959
179.0,35.08902,298.600006,152.820007,186.21090700000002
180.0,34.973659999999995,291.559998,152.770004,185.227814
180.46000700000002,35.098633,286.600006,153.600006,183.115677
182.509995,35.271671000000005,270.75,155.199997,182.375916
176.979996,34.839069,265.920013,154.649994,181.81135600000002
171.550003,34.617958,254.58999599999999,152.050003,179.777084
176.66000400000001,34.512215000000005,264.75,152.990005,181.042435
175.0,34.396854,263.309998,152.33999599999999,181.042435
165.979996,34.819843,263.079987,148.259995,178.141861
167.229996,34.541053999999995,267.619995,148.440002,177.859589
165.149994,34.060383,269.579987,147.690002,173.946747
165.770004,33.358604,268.02999900000003,144.220001,169.761353
169.479996,34.079609000000005,268.149994,147.0,170.218826
170.33999599999999,34.541053999999995,272.790009,148.029999,171.9319
168.320007,34.44492,274.459991,148.800003,171.990295
161.929993,34.060383,270.72000099999997,145.91000400000001,171.795639
165.190002,34.310333,267.52999900000003,147.050003,172.330994
166.070007,34.406464,280.480011,146.41000400000001,172.977127
172.940002,34.714096000000005,282.929993,149.369995,175.855331
171.16000400000001,34.896751,285.52999900000003,149.369995,175.356033
175.28999299999998,35.08902,284.25,152.740005,174.700119
177.119995,34.935207,286.27999900000003,146.970001,174.543472
176.850006,35.050564,293.350006,146.169998,173.045639
169.130005,35.050564,275.299988,144.08999599999999,170.764603
173.520004,35.050564,278.049988,144.550003,171.763168
169.889999,35.021729,266.690002,142.330002,176.10008200000001
169.919998,35.348579,271.269989,145.130005,169.912872
172.550003,34.983273,271.5,148.119995,170.999557
174.309998,35.348579,276.820007,150.490005,169.893295
178.679993,35.838863,281.859985,154.78999299999998,171.254089
176.889999,36.732914,281.209991,155.08999599999999,172.330994
177.529999,36.992477,291.450012,158.279999,174.494553
176.669998,36.886734000000004,287.410004,156.490005,173.084808
176.46000700000002,36.905956,286.809998,159.740005,175.953232
179.690002,36.559872,292.859985,157.600006,174.328125
182.0,36.031136,288.02999900000003,158.149994,175.532272
184.16000400000001,36.156116,288.589996,158.929993,177.754578
186.66000400000001,35.826096,289.570007,159.5,179.10556
187.16000400000001,35.961979,291.570007,161.110001,181.190811
186.71000700000002,35.845504999999996,294.179993,161.779999,180.476151
186.970001,35.884331,292.01001,162.860001,181.386612
182.479996,35.525192,283.109985,162.600006,180.83836399999998
182.800003,35.476665000000004,289.619995,163.050003,181.298508
185.490005,36.185226,295.02999900000003,163.21000700000002,183.148788
184.610001,36.126991,302.570007,162.770004,182.659286
185.25,36.554066,302.600006,163.96000700000002,181.063538
182.350006,35.961979,305.160004,164.199997,180.456573
184.860001,36.631718,311.690002,162.880005,179.10556
186.779999,37.204395,310.480011,162.809998,179.037033
190.449997,37.544117,315.549988,161.71000700000002,178.821655
194.699997,37.165572999999995,312.48999,162.53999299999998,178.195129
200.820007,37.495585999999996,315.929993,161.509995,178.51818799999998
200.0,37.388816999999996,314.660004,162.889999,177.921005
196.309998,37.165572999999995,309.98999,161.0,174.249802
194.899994,36.932617,306.160004,161.570007,173.319763
193.740005,37.019978,304.320007,156.429993,174.337906
200.0,36.9132,302.859985,158.220001,178.53775
201.889999,37.165572999999995,307.350006,158.009995,179.692963
198.740005,37.194687,302.5,157.479996,179.32093799999998
200.449997,37.349987,293.119995,156.399994,176.687469
204.639999,37.09763,298.929993,156.389999,175.50291399999998
204.5,37.408229999999996,298.440002,158.58999599999999,176.677689
204.91000400000001,37.204395,298.5,161.130005,175.267929
206.970001,37.990608,304.209991,161.96000700000002,176.795166
208.179993,37.757659999999994,315.480011,161.630005,177.294449
210.0,37.747952000000005,320.799988,161.479996,174.709915
210.13000499999998,37.825603,332.22000099999997,163.330002,174.89592
212.25,38.077965,336.899994,164.550003,174.582657
214.830002,38.165321,333.100006,163.740005,175.963028
214.25999500000003,38.136204,333.200012,163.25,175.06236299999998
216.38000499999998,38.22356,332.630005,164.509995,174.44558700000002
215.47000099999997,38.165321,329.089996,164.979996,173.7603
212.91000400000001,37.767365000000005,323.309998,162.440002,172.311386
212.100006,38.02943,323.570007,162.639999,172.644272
219.770004,37.990608,329.809998,166.990005,174.680527
217.0,37.786774,325.899994,166.169998,176.393768
216.63999900000002,37.738239,335.829987,173.449997,178.263626
217.63000499999998,37.612064000000004,330.75,176.0,176.23713700000002
218.0,37.91296,339.26001,177.330002,176.687469
221.77999900000003,37.747952000000005,335.660004,179.600006,177.793732
223.830002,38.330326,329.049988,180.199997,175.737854
230.479996,38.252674,338.920013,183.850006,177.323822
226.49000499999997,38.893295,338.690002,182.119995,177.167175
225.059998,39.475674,339.070007,181.059998,177.793732
223.940002,39.417439,338.619995,182.690002,179.575699
227.42999300000002,39.320374,339.670013,182.229996,179.073593
222.25999500000003,39.155373,338.109985,185.270004,180.451904
222.36999500000002,39.009772999999996,326.0,182.75,180.26486200000002
219.13000499999998,39.5145,349.600006,183.979996,181.761322
213.75,38.650639,353.160004,182.110001,182.204361
205.470001,38.980652,342.880005,180.71000700000002,179.743073
210.229996,37.019978,348.519989,182.850006,180.786652
212.020004,36.476418,343.160004,181.770004,180.62913500000002
208.580002,36.348946000000005,347.73999,185.669998,178.423798
206.58999599999999,36.515644,345.089996,182.309998,172.723465
213.100006,36.780388,358.0,185.419998,173.885193
222.88000499999998,36.956886,369.01001,188.33999599999999,176.75013700000002
220.22000099999997,37.427547,369.670013,185.490005,181.121399
220.899994,37.515797,366.950012,186.729996,183.24794
216.52999900000003,37.309883,366.769989,185.720001,183.848511
215.770004,37.074554,371.070007,189.119995,183.366089
217.210007,37.349106,373.690002,189.110001,184.04541
224.309998,37.005917,380.01001,189.46000700000002,185.827377
220.36000099999998,36.21167,381.399994,188.639999,186.496841
219.63000499999998,35.799839,380.399994,189.949997,185.148056
220.520004,35.613533000000004,387.77999900000003,191.08999599999999,185.226822
222.13999900000002,35.525284,386.190002,192.869995,183.66143799999998
218.039993,35.152676,386.0,193.360001,183.070724
212.58999599999999,35.025208,380.070007,189.5,184.69519
206.16000400000001,33.995625,368.700012,185.940002,181.751465
205.610001,33.270022999999995,360.089996,181.270004,171.22699
208.740005,34.044659,379.23999,178.869995,168.893707
205.029999,33.436714,371.709991,172.149994,163.567459
208.0,32.769943,369.02999900000003,170.399994,157.217346
210.979996,34.201546,381.049988,176.759995,162.474655
207.41000400000001,33.632828,368.769989,169.369995,158.55629
211.960007,35.691978000000006,383.790009,175.690002,165.674332
211.460007,34.770264000000005,372.77999900000003,169.600006,160.830521
204.639999,34.338821,368.97000099999997,164.080002,160.50563
197.66000400000001,33.103328999999995,346.48999,151.21000700000002,147.69708300000002
206.389999,33.917183,364.130005,161.33999599999999,152.895325
198.91000400000001,31.544256,349.920013,154.570007,146.151382
185.100006,29.436077,315.25,140.58999599999999,130.182526
194.0,32.07375,336.299988,147.779999,137.477798
178.850006,29.592965999999997,298.839996,124.300003,124.73815900000001
184.809998,31.534451,319.75,135.419998,129.55242900000002
180.0,31.730564,315.47000099999997,132.240005,119.23471799999999
180.880005,29.828296999999996,332.02999900000003,139.46000700000002,116.202408
181.300003,28.445724,332.829987,139.350006,112.22496000000001
176.33999599999999,27.935839,360.269989,140.520004,104.94938700000002
185.75,29.122303000000002,357.320007,153.639999,112.441551
188.559998,29.171328999999997,342.390015,147.059998,120.11093899999999
195.320007,31.132427000000003,362.98999,154.729996,131.098129
188.58999599999999,30.298959999999997,357.119995,146.0,128.056
191.270004,32.034531,370.959991,149.850006,131.531326
194.479996,32.005115999999994,375.5,143.979996,130.261292
187.559998,31.132427000000003,364.079987,134.059998,125.42733
188.899994,32.230644,370.079987,134.320007,125.93927
187.110001,32.985664,361.76001,134.309998,123.73395500000001
196.449997,33.897575,379.959991,147.550003,131.619934
198.0,32.956245,372.27999900000003,145.070007,132.318924
195.979996,33.926990999999994,371.119995,151.119995,136.37883
196.369995,34.701626,370.72000099999997,154.550003,139.972183
199.440002,34.45649,396.72000099999997,152.5,135.942078
204.779999,35.731201,413.549988,157.71000700000002,137.48066699999998
208.169998,35.270344,426.75,155.630005,132.82518000000002
212.66000400000001,35.182097999999996,439.170013,157.059998,131.465271
209.5,36.192059,422.959991,162.619995,137.172958
212.13000499999998,35.378204,437.48999000000003,162.759995,134.254593
207.33999599999999,34.927151,433.829987,150.559998,130.72079499999998
209.960007,35.544895000000004,421.420013,154.139999,132.38841200000002
205.240005,35.976337,426.700012,151.720001,129.529617
204.360001,36.652916,424.98999000000003,153.979996,128.348373
203.690002,37.584438,421.380005,157.630005,133.510101
201.149994,37.172607,403.829987,154.46000700000002,135.485458
206.699997,37.378521,411.890015,160.429993,135.644272
202.669998,37.613853000000006,419.85000599999995,161.949997,129.65866100000002
194.479996,36.90786,415.269989,156.369995,126.859421
191.149994,36.888248,428.14999400000005,161.470001,123.86164099999999
195.020004,37.760933,424.67999299999997,163.25,125.430016
195.169998,37.760933,434.26000999999997,163.669998,120.83409099999999
196.490005,36.602261,436.52999900000003,169.899994,126.194344
201.190002,36.859745000000004,435.549988,175.899994,134.353851
205.399994,37.731224,440.51998899999995,182.669998,132.82518000000002
200.309998,36.99839,431.82000700000003,177.53999299999998,131.068207
199.46000700000002,36.691390999999996,438.26998899999995,169.639999,130.532181
201.300003,37.552966999999995,441.950012,167.0,131.93180800000002
203.679993,37.394515999999996,454.19000199999994,171.330002,129.956451
215.27999900000003,37.701519,452.579987,172.5,138.453445
217.19999700000002,37.315292,451.040009,176.03999299999998,135.187668
216.789993,37.265778000000005,447.670013,176.929993,135.981781
212.16000400000001,36.899357,436.25,175.259995,137.64941399999998
199.699997,37.137035,429.32000700000003,177.850006,137.55015600000002
201.720001,37.127132,414.769989,176.520004,143.585403
201.179993,37.047905,419.89001500000006,176.600006,149.342712
199.490005,37.810452000000005,413.440002,181.100006,147.397156
207.389999,37.820353999999995,419.73001100000005,174.78999299999998,145.749359
206.570007,35.116779,425.920013,176.360001,146.186127
214.330002,35.810005,427.30999800000006,174.229996,148.221039
218.61000099999998,35.810005,421.97000099999997,174.990005,154.08754
218.039993,35.661453,414.329987,171.440002,155.93383799999998
219.55000299999998,35.641651,419.60000599999995,173.880005,161.026093
219.0,36.235844,419.48999000000003,176.550003,166.545166
220.72000099999997,35.85952,434.049988,174.559998,162.27681
223.67999300000002,35.572327,434.48001100000005,182.100006,156.88678000000002
215.24000499999997,32.977684,425.55999800000006,172.050003,147.456711
217.63999900000002,33.423332,418.070007,175.110001,148.101913
217.02999900000003,33.037106,425.5,178.610001,151.963287
222.61999500000002,33.076721,436.130005,180.479996,154.841949
224.25,33.235172,447.76998899999995,181.399994,155.89415
223.539993,32.91827,449.869995,187.66000400000001,157.889343
220.63999900000002,33.096523,453.72000099999997,186.949997,156.459946
221.41000400000001,32.789528000000004,468.040009,191.649994,152.66806
228.75,32.452816,466.26000999999997,189.059998,151.625793
226.22000099999997,31.878428999999997,457.85000599999995,185.550003,145.37214699999998
222.16000400000001,32.007172,465.910004,188.33999599999999,145.878403
215.710007,31.729883,443.39999400000005,183.169998,144.975098
215.020004,32.324073999999996,447.23999000000003,183.330002,148.240891
215.69999700000002,32.383495,455.040009,187.330002,148.360016
215.94999700000002,33.413429,485.64001500000006,191.889999,147.139999
223.600006,34.175971999999994,476.89001500000006,192.529999,147.300003
240.0,34.175971999999994,493.80999800000006,197.720001,148.470001
236.50999500000003,33.700619,493.160004,196.380005,145.179993
257.679993,33.423332,502.77999900000003,200.279999,143.899994
261.579987,33.136139,507.76000999999997,200.740005,138.020004
261.01001,33.502559999999995,548.72998,198.880005,141.970001
251.669998,34.869198,525.5,188.33999599999999,142.820007
248.580002,34.889004,524.880005,189.559998,143.360001
249.210007,35.374264000000004,523.26001,188.08999599999999,145.78999299999998
242.5,35.255424,527.3900150000001,185.509995,148.509995
247.13999900000002,35.899132,492.98999000000003,187.779999,148.91000400000001
254.809998,36.146713,502.410004,195.08999599999999,145.449997
257.899994,36.334872999999995,490.10000599999995,190.800003,147.809998
251.69999700000002,38.186775,489.82000700000003,191.309998,151.529999
251.88000499999998,38.038227,477.579987,188.53999299999998,151.009995
249.0,37.295486,480.450012,188.490005,150.149994
250.86000099999998,37.176646999999996,495.64999400000005,190.96000700000002,147.979996
249.05000299999998,38.642323,488.51000999999997,189.5,148.570007
252.44999700000002,38.879996999999996,484.48001100000005,193.610001,149.440002
252.74000499999997,38.740002000000004,485.799988,191.699997,148.860001
251.020004,38.48,488.880005,194.850006,146.740005
257.940002,38.349998,498.619995,203.190002,147.720001
262.200012,38.389998999999996,509.64001500000006,201.41000400000001,147.240005
264.910004,38.450001,502.10998499999994,202.639999,149.190002
265.679993,38.27,509.079987,207.78999299999998,149.139999
252.100006,38.450001,494.73001100000005,201.050003,152.970001
248.13000499999998,38.389998999999996,483.380005,197.16000400000001,156.559998
248.419998,37.790001000000004,466.92999299999997,191.990005,158.850006
255.190002,38.330002,475.47000099999997,192.619995,156.41000400000001
253.72000099999997,38.169998,481.329987,195.139999,154.949997
253.97000099999997,38.060001,482.67999299999997,193.46000700000002,156.46000700000002
256.959991,38.349998,482.35000599999995,196.740005,153.720001
259.200012,38.360001000000004,491.869995,204.009995,153.029999
260.589996,38.259997999999996,484.52999900000003,205.110001,152.490005
257.97000099999997,38.720001,497.89999400000005,209.509995,150.940002
265.799988,38.880001,492.30999800000006,207.529999,149.809998
276.019989,38.84,488.80999800000006,208.46000700000002,153.300003
286.0,38.41,490.579987,216.05000299999998,151.470001
291.959991,38.049999,547.530029,272.320007,150.470001
284.170013,37.860001000000004,526.27002,276.320007,152.440002
289.0,37.91,523.8900150000001,271.100006,152.270004
287.02999900000003,37.790001000000004,529.5599980000001,272.649994,149.350006
298.0,36.880001,556.549988,281.25,150.190002
296.070007,37.200001,552.840027,276.690002,153.919998
282.5,36.400002,525.75,265.01001,151.940002
281.390015,36.360001000000004,516.049988,254.69999700000002,151.699997
270.019989,35.93,507.01998899999995,241.270004,146.96000700000002
273.149994,36.18,500.19000199999994,250.42999300000002,146.169998
267.549988,35.650002,480.670013,247.80000299999998,142.580002
271.609985,36.07,482.02999900000003,243.100006,145.360001
274.100006,37.009997999999996,476.26000999999997,246.63999900000002,147.470001
277.959991,36.959998999999996,495.98999000000003,251.67999300000002,145.139999
278.140015,36.779999,483.85998499999994,250.600006,146.779999
275.72000099999997,36.82,470.200012,244.52999900000003,144.58999599999999
272.410004,36.630001,469.959991,242.77999900000003,142.990005
273.820007,36.02,487.35000599999995,245.05000299999998,138.330002
275.290009,36.25,491.170013,247.77999900000003,139.449997
272.950012,36.0,470.60998499999994,235.99000499999997,136.509995
269.730011,35.759997999999996,473.079987,237.55000299999998,136.899994
271.089996,36.049999,482.880005,242.74000499999997,138.21000700000002
276.01001,36.389998999999996,490.64999400000005,246.669998,140.919998
276.929993,36.169998,493.48001100000005,247.44999700000002,138.550003
293.980011,36.700001,500.02999900000003,251.32000699999998,138.429993
290.049988,36.369999,527.51001,253.44999700000002,138.220001
288.170013,36.380001,503.05999800000006,247.850006,140.490005
