,Date,ORCL,SQ,NVDA
0,2015-11-19,36.108596999999996,13.07,30.458263
1,2015-11-20,36.404728000000006,12.85,30.722525
2,2015-11-23,36.219639,12.12,30.262524
3,2015-11-24,36.51577,12.02,30.507206
4,2015-11-25,36.3307,11.9,30.468054
5,2015-11-27,36.256664,12.05,30.722525
6,2015-11-30,36.062332,12.04,31.045509000000003
7,2015-12-01,36.302937,11.91,32.053604
8,2015-12-02,35.812477,11.93,31.808926
9,2015-12-03,34.988884000000006,11.92,31.740406
10,2015-12-04,36.238152,12.04,33.032340999999995
11,2015-12-07,35.923522999999996,12.36,32.405949
12,2015-12-08,35.840237,12.12,32.846375
13,2015-12-09,35.701431,11.99,32.014458000000005
14,2015-12-10,35.34053,12.05,32.278713
15,2015-12-11,34.433651,11.95,31.799136999999998
16,2015-12-14,34.840816,12.33,31.877434
17,2015-12-15,35.359039,12.47,32.268932
18,2015-12-16,36.006813,12.27,32.464672
19,2015-12-17,34.174541,12.32,31.975306
20,2015-12-18,33.637814,12.34,31.456578999999998
21,2015-12-21,33.702595,12.24,32.20042
22,2015-12-22,33.859905,12.46,32.229778
23,2015-12-23,34.174541,12.5,32.357021
24,2015-12-24,34.248569,12.6,32.464672
25,2015-12-28,34.044987,12.83,32.435318
26,2015-12-29,34.276337,12.74,32.963833
27,2015-12-30,34.165290999999996,12.78,32.68
28,2015-12-31,33.804390000000005,13.09,32.259144
29,2016-01-04,33.218990000000005,12.16,31.681690000000003
30,2016-01-05,33.116779,11.51,32.190632
31,2016-01-06,33.284031,11.52,30.859546999999996
32,2016-01-07,32.559261,11.16,29.636131
33,2016-01-08,32.196865,11.31,28.999952
34,2016-01-11,32.466331,11.84,29.048890999999998
35,2016-01-12,32.865891,12.09,29.538259999999998
36,2016-01-13,31.667227,11.61,28.637821000000002
37,2016-01-14,32.326962,10.82,28.060366
38,2016-01-15,31.704390000000004,10.27,26.533537
39,2016-01-19,32.103943,9.47,26.748853999999998
40,2016-01-20,31.537125,9.49,26.895666
41,2016-01-21,31.704390000000004,10.02,27.208864000000002
42,2016-01-22,32.33625,9.85,27.845045000000002
43,2016-01-25,31.908815,9.81,27.815683
44,2016-01-26,32.735813,9.54,28.089727000000003
45,2016-01-27,32.438457,9.05,27.756956
46,2016-01-28,32.828732,8.74,27.453546999999997
47,2016-01-29,33.739349,8.77,28.667181
48,2016-02-01,33.748638,8.76,28.676965999999997
49,2016-02-02,32.847309,8.47,27.463334999999997
50,2016-02-03,33.163231,8.43,27.600359
51,2016-02-04,33.869434000000005,8.9,27.610146000000004
52,2016-02-05,33.172534999999996,8.63,25.867995999999998
53,2016-02-08,33.088902000000004,8.37,24.683723
54,2016-02-09,32.596424,8.62,24.947981
55,2016-02-10,32.707932,8.88,24.889256
56,2016-02-11,32.373413,8.62,24.762024
57,2016-02-12,33.023861,9.3,25.182876999999998
58,2016-02-16,33.172534999999996,9.93,26.416088000000002
59,2016-02-17,34.036682,9.84,27.071841999999997
60,2016-02-18,34.036682,9.98,29.401235999999997
61,2016-02-19,34.17606,9.97,29.792727000000003
62,2016-02-22,34.482712,10.38,30.849759999999996
63,2016-02-23,33.962348999999996,9.71,30.928059
64,2016-02-24,34.036682,9.89,31.143379
65,2016-02-25,34.64996,10.26,31.211896999999997
66,2016-02-26,34.343319,10.32,31.006361
67,2016-02-29,34.17606,10.44,30.804990999999998
68,2016-03-01,35.300407,10.72,32.170383
69,2016-03-02,35.086678000000006,11.97,32.357033
70,2016-03-03,35.207478,12.25,32.072155
71,2016-03-04,35.207478,12.01,31.97393
72,2016-03-07,35.644207,12.26,31.767639000000003
73,2016-03-08,35.449078,11.48,31.188082
74,2016-03-09,35.755711,12.03,31.168434
75,2016-03-10,35.356155,11.3,31.119326
76,2016-03-11,36.192436,11.1,31.649763
77,2016-03-14,35.960136,11.61,31.728352
78,2016-03-15,35.997318,11.95,31.571182
79,2016-03-16,37.372528,11.87,32.514187
80,2016-03-17,37.734924,11.95,32.239143
81,2016-03-18,38.54332,12.04,33.211628000000005
82,2016-03-21,38.664120000000004,13.4,33.309849
83,2016-03-22,38.450401,13.06,33.250916
84,2016-03-23,37.865005,12.59,33.820656
85,2016-03-24,38.06942,12.88,33.869762
86,2016-03-28,37.744202,13.4,34.213577
87,2016-03-29,37.81855,13.74,34.763664
88,2016-03-30,38.06942,15.02,35.127113
89,2016-03-31,38.013676000000004,15.28,34.999413
90,2016-04-01,38.24596,14.22,35.510216
91,2016-04-04,38.162341999999995,14.28,35.166401
92,2016-04-05,37.660571999999995,14.26,35.117290000000004
93,2016-04-06,37.865005,14.97,35.166401
94,2016-04-07,37.140228,14.81,34.802956
95,2016-04-08,37.502613000000004,15.13,35.028884999999995
96,2016-04-11,37.530483000000004,15.36,35.244991
97,2016-04-12,37.698372,15.48,35.2057
98,2016-04-13,38.528442,15.01,36.089771
99,2016-04-14,38.463158,14.82,36.188004
100,2016-04-15,38.257977000000004,14.33,36.47287
101,2016-04-18,38.463158,14.51,36.315704
102,2016-04-19,38.295277,14.09,35.667377
103,2016-04-20,38.332581,13.63,35.804909
104,2016-04-21,38.229988,13.24,35.765606
105,2016-04-22,37.959511,13.34,35.62809
106,2016-04-25,38.03413,13.59,35.804909
107,2016-04-26,37.91288,14.18,35.83437
108,2016-04-27,38.099415,14.69,36.649685
109,2016-04-28,37.614433,15.35,35.559338000000004
110,2016-04-29,37.176075,14.89,34.901188
111,2016-05-02,37.586445,14.0,35.362869
112,2016-05-03,37.008198,13.45,34.940483
113,2016-05-04,36.644455,13.39,34.144806
114,2016-05-05,36.588497,13.05,34.351101
115,2016-05-06,36.756382,10.22,34.704735
116,2016-05-09,36.709742999999996,9.85,34.655613
117,2016-05-10,37.325306,10.0,35.323578000000005
118,2016-05-11,36.980213,9.68,35.421799
119,2016-05-12,37.138775,9.28,34.940483
120,2016-05-13,36.942909,9.36,40.25473
121,2016-05-16,37.278667,9.16,41.443314
122,2016-05-17,36.933586,9.18,41.531719
123,2016-05-18,36.812332,9.4,42.592609
124,2016-05-19,36.224758,9.6,42.779247
125,2016-05-20,36.756382,9.39,43.545441
126,2016-05-23,36.54187,9.46,43.614201
127,2016-05-24,37.213387,10.14,44.672924
128,2016-05-25,37.427902,10.0,44.485794
129,2016-05-26,37.260014,9.75,44.958523
130,2016-05-27,37.371941,9.63,45.204739000000004
131,2016-05-31,37.493183,9.53,46.012321
132,2016-06-01,37.549145,9.6,46.100956
133,2016-06-02,36.056872999999996,9.65,46.425961
134,2016-06-03,36.467251,9.46,45.775951
135,2016-06-06,36.784359,9.51,45.539592999999996
136,2016-06-07,36.495235,9.57,45.628227
137,2016-06-08,36.635128,9.55,45.480495
138,2016-06-09,36.42062,9.34,46.662331
139,2016-06-10,36.1315,9.14,45.500195
140,2016-06-13,36.019573,8.92,46.081268
141,2016-06-14,36.215431,8.89,46.169895000000004
142,2016-06-15,35.851692,9.06,46.642624
143,2016-06-16,36.038219,9.05,46.829746
144,2016-06-17,37.008198,9.04,46.012321
145,2016-06-20,37.054829,9.2,46.839603000000004
146,2016-06-21,37.297325,9.35,46.553996999999995
147,2016-06-22,37.315971000000005,8.78,46.514590999999996
148,2016-06-23,38.080753,9.13,47.755516
149,2016-06-24,36.588497,8.77,45.037308
150,2016-06-27,35.888996,8.62,44.554741
151,2016-06-28,36.495235,8.9,45.204739000000004
152,2016-06-29,37.81963,9.3,45.943382
153,2016-06-30,38.174026,9.05,46.297928000000006
154,2016-07-01,38.248913,9.27,45.95322
155,2016-07-05,37.81831,8.94,46.632767
156,2016-07-06,37.940002,9.0,46.92823
157,2016-07-07,37.940002,9.08,48.149452000000004
158,2016-07-08,38.258286,9.3,50.079758
159,2016-07-11,38.17403,9.24,51.232044
160,2016-07-12,38.773132000000004,9.4,52.000221
161,2016-07-13,38.810565999999994,9.29,51.980534000000006
162,2016-07-14,39.007145,9.37,52.512347999999996
163,2016-07-15,39.100765,9.17,51.901737
164,2016-07-18,38.979073,9.27,52.167645
165,2016-07-19,38.454861,9.35,52.709316
166,2016-07-20,38.613995,9.58,53.398716
167,2016-07-21,38.445499,9.46,52.413872
168,2016-07-22,38.454861,9.73,53.841896
169,2016-07-25,38.529739,9.85,54.836597
170,2016-07-26,38.323811,10.1,55.772209
171,2016-07-27,38.314442,10.13,55.21085
172,2016-07-28,38.557827,10.12,55.329025
173,2016-07-29,38.417415999999996,10.07,56.235085
174,2016-08-01,38.520386,10.19,55.870693
175,2016-08-02,38.108501000000004,10.05,55.191139
176,2016-08-03,38.108501000000004,10.44,55.338871
177,2016-08-04,38.286358,11.32,56.363121
178,2016-08-05,38.501667,11.15,57.318428000000004
179,2016-08-08,38.529739,11.26,57.85025
180,2016-08-09,38.473579,11.3,57.997978
181,2016-08-10,38.464222,11.07,57.62373
182,2016-08-11,38.642075,11.37,58.795712
183,2016-08-12,38.464222,11.66,62.085114000000004
184,2016-08-15,38.745041,11.48,62.026028000000004
185,2016-08-16,38.679520000000004,11.64,61.651771999999994
186,2016-08-17,38.576546,11.4,60.223743000000006
187,2016-08-18,38.511021,11.75,61.159348
188,2016-08-19,38.679520000000004,11.8,61.316929
189,2016-08-22,38.585910999999996,11.82,61.572993999999994
190,2016-08-23,38.848011,12.39,62.07125500000001
191,2016-08-24,38.445499,12.16,61.11419300000001
192,2016-08-25,38.473579,12.31,60.70966
193,2016-08-26,38.623356,12.04,61.202983999999994
194,2016-08-29,38.670162,12.01,61.163532
195,2016-08-30,38.670162,12.07,60.808319
196,2016-08-31,38.585910999999996,12.19,60.522181999999994
197,2016-09-01,38.529739,12.0,62.30806
198,2016-09-02,38.613995,12.05,61.69631999999999
199,2016-09-06,38.613995,11.83,62.27845799999999
200,2016-09-07,38.613995,11.93,61.36084399999999
201,2016-09-08,38.117859,11.78,61.804852000000004
202,2016-09-09,37.471958,11.27,58.726459999999996
203,2016-09-12,38.080425,11.33,59.940056000000006
204,2016-09-13,37.612365999999994,11.23,59.071785
205,2016-09-14,37.677902,11.28,59.594719
206,2016-09-15,38.248913,11.38,61.854191
207,2016-09-16,36.432888,11.37,62.002196999999995
208,2016-09-19,36.723079999999996,11.55,62.821121
209,2016-09-20,36.573307,11.66,62.248856
210,2016-09-21,36.98518,11.9,63.995247
211,2016-09-22,36.98518,11.68,64.153122
212,2016-09-23,36.723079999999996,11.83,64.084061
213,2016-09-26,36.535858000000005,11.55,63.482189
214,2016-09-27,36.788601,11.78,65.652847
215,2016-09-28,36.919662,11.83,65.88967099999999
216,2016-09-29,36.620106,11.64,66.501411
217,2016-09-30,36.769882,11.66,67.606461
218,2016-10-03,36.498421,11.67,67.537384
219,2016-10-04,36.386082,11.63,67.38942
220,2016-10-05,36.648196999999996,11.69,67.320328
221,2016-10-06,36.386082,11.52,66.442192
222,2016-10-07,36.37669,11.48,65.958733
223,2016-10-10,36.29211,11.47,66.205399
224,2016-10-11,35.718884,11.18,65.24831400000001
225,2016-10-12,35.756474,11.27,65.544327
226,2016-10-13,35.737675,11.19,64.478714
227,2016-10-14,36.094772,11.12,65.110184
228,2016-10-17,35.982002,10.93,64.73526
229,2016-10-18,36.104168,11.34,65.72193100000001
230,2016-10-19,36.038383,11.3,65.583786
231,2016-10-20,35.794059999999995,11.19,66.826996
232,2016-10-21,35.643710999999996,11.32,66.639534
233,2016-10-24,35.963207000000004,11.35,69.76725
234,2016-10-25,36.047779,11.07,70.911827
235,2016-10-26,36.000801,11.21,71.197937
236,2016-10-27,35.916225,11.15,69.737663
237,2016-10-28,35.869240000000005,11.14,69.61927
238,2016-10-31,36.104168,11.2,70.21127299999999
239,2016-11-01,36.14175,11.07,68.129402
240,2016-11-02,35.737675,11.78,67.843277
241,2016-11-03,36.000801,11.99,67.053925
242,2016-11-04,35.972603,12.18,66.669128
243,2016-11-07,36.733788,12.22,70.31979399999999
244,2016-11-08,36.771378000000006,12.34,70.21127299999999
245,2016-11-09,37.166058,12.0,69.02726700000001
246,2016-11-10,37.194247999999995,11.65,66.866463
247,2016-11-11,37.072083,11.88,86.797157
248,2016-11-14,36.931121999999995,12.35,82.524872
249,2016-11-15,36.80896,12.03,85.040878
250,2016-11-16,37.307014,12.04,90.408348
251,2016-11-17,37.823864,12.22,91.158203
252,2016-11-18,37.457367,12.16,92.115288
253,2016-11-21,37.485558000000005,12.22,91.740349
254,2016-11-22,37.673508,12.46,92.401413
255,2016-11-23,37.682903,12.43,92.855965
256,2016-11-25,37.842667,12.75,93.043724
257,2016-11-28,37.870841999999996,12.53,92.99430799999999
258,2016-11-29,38.105789,12.46,92.144501
259,2016-11-30,37.767471,12.94,91.106941
260,2016-12-01,36.367290000000004,12.71,86.601013
261,2016-12-02,36.17934,13.06,87.40140500000001
262,2016-12-05,36.621014,13.2,90.790726
263,2016-12-06,37.090878000000004,13.27,92.282845
264,2016-12-07,37.889645,14.12,93.942924
265,2016-12-08,37.917839,13.94,92.371796
266,2016-12-09,38.077591,13.89,90.731468
267,2016-12-12,38.068191999999996,13.85,88.527908
268,2016-12-13,38.303123,14.07,90.089149
269,2016-12-14,38.415890000000005,13.83,95.306572
270,2016-12-15,38.397087,14.13,97.539772
271,2016-12-16,36.743183,14.38,99.219627
272,2016-12-19,36.555233,14.36,100.425163
273,2016-12-20,36.649208,14.48,103.923187
274,2016-12-21,36.489456,14.38,104.575363
275,2016-12-22,36.611614,14.05,105.84018700000001
276,2016-12-23,36.442467,14.07,108.47853899999998
277,2016-12-27,36.480057,14.0,115.929153
278,2016-12-28,36.348495,13.95,107.954842
279,2016-12-29,36.357898999999996,13.73,110.10898600000002
280,2016-12-30,36.132359,13.63,105.47456399999999
281,2017-01-03,36.368214,13.81,100.800652
282,2017-01-04,36.547462,14.25,103.152428
283,2017-01-05,36.453117,14.56,100.53385899999999
284,2017-01-06,36.273872,15.0,101.87773100000001
285,2017-01-09,36.821045,15.06,106.008179
286,2017-01-10,36.471989,14.91,105.207779
287,2017-01-11,36.896522999999995,14.9,103.913292
288,2017-01-12,36.981421999999995,14.74,102.213699
289,2017-01-13,37.038025,14.75,102.203819
290,2017-01-17,36.887085,14.69,99.911324
291,2017-01-18,36.971992,14.64,101.72949200000001
292,2017-01-19,36.990852000000004,14.73,103.913292
293,2017-01-20,37.61351,14.89,102.776939
294,2017-01-23,37.434258,14.61,103.844131
295,2017-01-24,37.830482,14.66,106.057579
296,2017-01-25,37.877663,14.6,106.512123
297,2017-01-26,37.858799,14.41,108.350082
298,2017-01-27,37.953129,14.53,110.44493100000001
299,2017-01-30,37.953129,14.45,108.71569099999999
300,2017-01-31,37.839923999999996,14.62,107.88563500000001
301,2017-02-01,37.585196999999994,14.36,112.59911299999999
302,2017-02-02,37.717278,14.36,114.022026
303,2017-02-03,38.141811,14.28,113.02399399999999
304,2017-02-06,37.830482,14.4,115.91925
305,2017-02-07,37.802189,14.4,117.71768999999999
306,2017-02-08,37.755013,14.47,117.203842
307,2017-02-09,37.953129,14.73,115.000298
308,2017-02-10,38.481441,14.61,112.27301000000001
309,2017-02-13,38.764458000000005,14.5,107.09513100000001
310,2017-02-14,38.773888,14.33,107.490379
311,2017-02-15,39.066340999999994,14.31,107.707771
312,2017-02-16,39.236164,13.89,105.978546
313,2017-02-17,39.679558,14.47,105.958786
314,2017-02-21,39.87767,14.63,109.75324199999999
315,2017-02-22,40.104092,15.04,109.58503700000001
316,2017-02-23,40.528622,17.15,99.42398100000001
317,2017-02-24,40.726729999999996,17.43,100.383698
318,2017-02-27,40.283337,17.93,103.302414
319,2017-02-28,40.179562,17.32,100.403488
320,2017-03-01,40.490883000000004,17.219998999999998,101.69959300000001
321,2017-03-02,40.462589,16.99,97.949799
322,2017-03-03,40.273903000000004,16.889999,97.385849
323,2017-03-06,40.16069,16.860001,96.633888
324,2017-03-07,40.188992,16.76,97.692551
325,2017-03-08,40.198425,16.83,97.514465
326,2017-03-09,40.038047999999996,17.07,97.494667
327,2017-03-10,40.264472999999995,16.91,98.06855
328,2017-03-13,40.170132,16.93,100.769562
329,2017-03-14,40.368244,16.77,100.700287
330,2017-03-15,40.613521999999996,16.950001,101.46214300000001
331,2017-03-16,43.141846,17.209999,102.708771
332,2017-03-17,43.075813000000004,17.280001000000002,104.94479399999999
333,2017-03-20,42.670151000000004,17.24,108.288948
334,2017-03-21,42.302227,16.51,104.78649899999999
335,2017-03-22,42.255054,16.41,106.923584
336,2017-03-23,42.405991,16.610001,105.953979
337,2017-03-24,42.122978,16.59,106.329948
338,2017-03-27,42.302227,17.25,107.101685
339,2017-03-28,42.160709000000004,17.23,106.547623
340,2017-03-29,42.00034,17.219998999999998,106.201324
341,2017-03-30,42.151272,17.32,108.23948700000001
342,2017-03-31,42.085236,17.280001000000002,107.77446
343,2017-04-03,42.085236,17.030001000000002,107.230286
344,2017-04-04,42.066376,17.040001,99.710899
345,2017-04-05,41.972027000000004,16.75,98.96887199999999
346,2017-04-06,41.679577,17.0,99.691147
347,2017-04-07,41.783348,16.690001000000002,99.265686
348,2017-04-10,41.688602,16.99,96.732849
349,2017-04-11,41.849674,16.92,97.07911700000001
350,2017-04-12,41.85915,17.299999,96.277725
351,2017-04-13,41.688602,16.92,94.477051
352,2017-04-17,41.963371,17.08,98.177353
353,2017-04-18,42.181286,16.98,98.236717
354,2017-04-19,41.868618,17.200001,98.622589
355,2017-04-20,42.190758,17.709999,100.18581400000001
356,2017-04-21,42.096016,17.49,100.601349
357,2017-04-24,42.484478,17.85,101.857872
358,2017-04-25,42.370785,18.219998999999998,103.628899
359,2017-04-26,42.342346,18.08,102.916542
360,2017-04-27,42.418159,18.23,104.519341
361,2017-04-28,42.598167,18.24,103.193573
362,2017-05-01,42.683445,18.610001,105.508743
363,2017-05-02,42.759243,18.809998999999998,102.382271
364,2017-05-03,42.531841,18.280001000000002,103.14409599999999
365,2017-05-04,43.081387,19.9,102.74834399999999
366,2017-05-05,43.185612,19.780001000000002,102.75824
367,2017-05-08,43.166653000000004,19.559998999999998,101.679794
368,2017-05-09,43.090855,19.799999,101.848007
369,2017-05-10,43.138222,19.950001,120.00334199999999
370,2017-05-11,42.78767,19.709999,125.158073
371,2017-05-12,42.711864,20.08,126.53333300000001
372,2017-05-15,42.939262,20.25,132.885254
373,2017-05-16,42.910831,20.34,135.35870400000002
374,2017-05-17,41.906517,19.559998999999998,126.36514299999999
375,2017-05-18,41.849674,19.68,131.658401
376,2017-05-19,41.982319,19.91,134.69898999999998
377,2017-05-22,42.285503000000006,20.950001,137.571274
378,2017-05-23,42.219189,21.639999,135.719162
379,2017-05-24,42.475006,21.92,137.244415
380,2017-05-25,42.825565000000005,22.33,136.937393
381,2017-05-26,42.882412,22.33,140.483124
382,2017-05-30,43.034003999999996,22.74,143.48413100000002
383,2017-05-31,43.005581,22.99,142.969147
384,2017-06-01,43.384567,23.23,142.979034
385,2017-06-02,43.261395,23.200001,142.26591499999998
386,2017-06-05,43.507740000000005,23.389999,146.59411599999999
387,2017-06-06,43.214024,24.209999,145.93051100000002
388,2017-06-07,43.01506,24.290001,147.693512
389,2017-06-08,43.034003999999996,24.780001000000002,158.410019
390,2017-06-09,42.664494,23.030001000000002,148.1689
391,2017-06-12,42.493946,23.6,148.53537
392,2017-06-13,42.617119,23.48,149.951675
393,2017-06-14,42.456051,23.469998999999998,150.268646
394,2017-06-15,42.332878,23.99,150.91241499999998
395,2017-06-16,42.721336,23.559998999999998,150.169601
396,2017-06-19,43.327717,24.200001,155.81506299999998
397,2017-06-20,43.431946,23.85,155.58725
398,2017-06-21,43.896198,24.16,157.944504
399,2017-06-22,47.65765,24.280001000000002,156.85501100000002
400,2017-06-23,48.273502,24.17,152.358459
401,2017-06-26,48.188235999999996,23.93,150.694504
402,2017-06-27,48.084011,23.32,145.17781100000002
403,2017-06-28,48.197701,24.299999,150.29835500000002
404,2017-06-29,47.562903999999996,23.4,145.276825
405,2017-06-30,47.506065,23.459999,143.177124
406,2017-07-03,46.767033000000005,22.83,137.997131
407,2017-07-05,46.861771000000005,23.76,141.68156399999998
408,2017-07-06,46.283821,23.219998999999998,142.10746799999998
409,2017-07-07,46.757557,23.59,145.356079
410,2017-07-10,47.013378,23.940001000000002,152.229691
411,2017-07-11,47.25972,25.440001000000002,154.388855
412,2017-07-12,47.79977,26.209999,160.955399
413,2017-07-13,47.705032,25.98,159.09338400000001
414,2017-07-14,47.903996,26.33,163.37205500000002
415,2017-07-17,47.970562,26.190001000000002,162.67875700000002
416,2017-07-18,47.98008,26.59,164.372452
417,2017-07-19,48.503155,26.360001,163.520645
418,2017-07-20,48.626789,26.389999,165.897659
419,2017-07-21,48.312943,26.85,166.491943
420,2017-07-24,48.274902000000004,26.75,164.560562
421,2017-07-25,48.664825,26.889999,163.76825
422,2017-07-26,48.664825,27.309998999999998,165.65995800000002
423,2017-07-27,47.98008,25.92,160.19281
424,2017-07-28,47.837414,26.200001,162.817398
425,2017-07-31,47.485531,26.35,160.955399
426,2017-08-01,47.704273,26.809998999999998,162.916473
427,2017-08-02,47.333374,26.459999,162.817398
428,2017-08-03,47.770846999999996,25.219998999999998,164.887451
429,2017-08-04,47.514065,25.209999,165.610443
430,2017-08-07,47.209728000000005,25.68,170.701294
431,2017-08-08,46.696163,26.02,168.670883
432,2017-08-09,46.658131,25.59,170.46357700000002
433,2017-08-10,45.745121000000005,24.65,163.164078
434,2017-08-11,45.878273,24.82,154.468063
435,2017-08-14,46.458405,25.200001,166.789063
436,2017-08-15,46.439388,24.83,165.382645
437,2017-08-16,46.838825,24.99,163.570175
438,2017-08-17,46.173103000000005,24.540001,159.925354
439,2017-08-18,46.239666,24.83,159.955063
440,2017-08-21,46.505959000000004,24.459999,157.627579
441,2017-08-22,46.848331,25.34,161.13678000000002
442,2017-08-23,46.667637,25.48,164.35853600000002
443,2017-08-24,46.781757,25.66,163.75383
444,2017-08-25,46.829322999999995,24.99,162.385803
445,2017-08-28,46.829322999999995,24.91,163.535736
446,2017-08-29,47.02903,25.040001,163.268082
447,2017-08-30,47.361893,25.76,164.23956299999998
448,2017-08-31,47.865955,26.110001,167.96688799999998
449,2017-09-01,48.141758,25.93,168.978012
450,2017-09-05,48.436577,25.77,164.46759
451,2017-09-06,48.512661,26.049999,164.368454
452,2017-09-07,49.197407,26.299999,165.13176
453,2017-09-08,49.054756,26.530001000000002,162.266861
454,2017-09-11,49.920208,27.57,167.530701
455,2017-09-12,50.186493,27.27,168.135391
456,2017-09-13,50.215022999999995,27.49,168.888779
457,2017-09-14,50.205517,28.639999,167.927246
458,2017-09-15,46.353802,28.5,178.544083
459,2017-09-18,45.963863,28.690001000000002,185.919418
460,2017-09-19,45.688061,28.559998999999998,185.721146
461,2017-09-20,45.62149,28.469998999999998,184.224289
462,2017-09-21,45.62149,28.4,179.188446
463,2017-09-22,45.802189,28.75,177.443741
464,2017-09-25,45.62149,27.450001,169.513306
465,2017-09-26,45.573935999999996,27.610001,170.464981
466,2017-09-27,45.802189,28.07,174.202194
467,2017-09-28,45.726112,28.49,174.152603
468,2017-09-29,45.982890999999995,28.809998999999998,177.21575900000002
469,2017-10-02,46.410851,29.389999,177.443741
470,2017-10-03,46.30624,29.940001000000002,177.81054699999999
471,2017-10-04,46.505959000000004,30.15,179.297501
472,2017-10-05,46.515469,30.76,179.198364
473,2017-10-06,46.030445,30.76,179.72377
474,2017-10-09,45.992397,31.07,183.778198
475,2017-10-10,46.030590000000004,31.32,187.28743
476,2017-10-11,46.097427,32.0,189.279938
477,2017-10-12,46.049694,32.810001,189.36911
478,2017-10-13,46.412502,32.810001,192.898193
479,2017-10-16,46.651203,33.220001,196.209198
480,2017-10-17,46.966286,32.689999,196.030746
481,2017-10-18,47.338654,32.52,195.862198
482,2017-10-19,47.119053,32.119999,196.080322
483,2017-10-20,47.023571000000004,32.5,195.188126
484,2017-10-23,47.080864,32.529999,194.910583
485,2017-10-24,47.720573,32.709998999999996,196.952652
486,2017-10-25,47.453236,32.900002,191.97628799999998
487,2017-10-26,47.882889,34.110001000000004,193.988663
488,2017-10-27,48.579887,35.200001,200.10501100000002
489,2017-10-30,48.388931,35.75,202.06781
490,2017-10-31,48.598991,37.189999,205.011948
491,2017-11-01,48.350731,36.470001,205.398575
492,2017-11-02,48.007011,36.07,204.149536
493,2017-11-03,47.911541,36.889998999999996,206.875626
494,2017-11-06,48.121586,37.18,207.80746499999998
495,2017-11-07,48.207516,36.759997999999996,210.186554
496,2017-11-08,48.255257,36.709998999999996,207.341553
497,2017-11-09,47.014034,37.959998999999996,203.534943
498,2017-11-10,47.090401,39.209998999999996,214.26086400000003
499,2017-11-13,47.166794,39.98,210.78141800000003
500,2017-11-14,46.97583,39.740002000000004,212.317902
501,2017-11-15,46.613014,40.66,208.15438799999998
502,2017-11-16,46.97583,41.900002,209.770248
503,2017-11-17,46.727585,44.18,209.522415
504,2017-11-20,46.803974,45.209998999999996,212.218765
505,2017-11-21,46.431599,48.060001,214.171646
506,2017-11-22,46.383869,48.810001,213.209396
507,2017-11-24,46.794422,48.860001000000004,215.22314500000002
508,2017-11-27,46.670303000000004,41.02,212.425735
509,2017-11-28,46.794422,42.549999,209.023209
510,2017-11-29,46.32658,39.130001,194.84759499999998
511,2017-11-30,46.842171,39.220001,199.103271
512,2017-12-01,47.367306,38.220001,196.09750400000001
513,2017-12-04,46.212002000000005,36.869999,185.165695
514,2017-12-05,45.820541,37.599998,186.237076
515,2017-12-06,46.231097999999996,37.610001000000004,187.744904
516,2017-12-07,46.32658,38.73,190.45306399999998
517,2017-12-08,47.357742,38.09,189.957047
518,2017-12-11,48.188423,38.299999,193.101685
519,2017-12-12,48.112038,38.080002,189.312241
520,2017-12-13,47.787407,36.189999,184.68956
521,2017-12-14,47.921082,37.009997999999996,184.977249
522,2017-12-15,46.116524,37.029999,190.02650500000001
523,2017-12-18,45.553191999999996,37.75,196.31575
524,2017-12-19,45.658226,36.919998,194.54007
525,2017-12-20,45.734604,35.66,195.224518
526,2017-12-21,45.142628,35.869999,194.321808
527,2017-12-22,45.219009,35.139998999999996,193.706802
528,2017-12-26,45.285847,35.049999,195.859421
529,2017-12-27,45.238106,35.75,195.591583
530,2017-12-28,45.371784000000005,35.130001,195.819748
531,2017-12-29,45.142628,34.669998,191.950974
532,2018-01-02,44.522018,36.169998,197.75415
533,2018-01-03,45.553191999999996,37.310001,210.769104
534,2018-01-04,46.001948999999996,38.099998,211.88011200000003
535,2018-01-05,46.278843,41.139998999999996,213.67562900000001
536,2018-01-08,46.765781,40.759997999999996,220.22280899999998
537,2018-01-09,47.024582,40.880001,220.16326899999999
538,2018-01-10,46.775364,40.84,221.88935899999998
539,2018-01-11,46.919144,42.299999,222.286179
540,2018-01-12,47.455906,41.25,221.194946
541,2018-01-16,47.532589,39.32,218.34797700000001
542,2018-01-17,48.184371999999996,40.060001,222.921036
543,2018-01-18,48.146034,40.27,222.64327999999998
544,2018-01-19,48.481518,42.560001,228.26786800000002
545,2018-01-22,48.606121,45.290001000000004,231.819229
546,2018-01-23,48.999107,45.009997999999996,236.99743700000002
547,2018-01-24,49.315418,44.32,233.91233799999998
548,2018-01-25,49.459194000000004,45.119999,234.457916
549,2018-01-26,50.561485,45.970001,241.38206499999998
550,2018-01-29,49.785084000000005,45.43,244.873886
551,2018-01-30,48.845749,45.52,240.776917
552,2018-01-31,49.449612,46.91,243.832275
553,2018-02-01,49.487953000000005,44.450001,238.574722
554,2018-02-02,48.05019,43.610001000000004,231.65058900000002
555,2018-02-05,46.094822,41.02,211.98924300000002
556,2018-02-06,47.350468,41.610001000000004,223.77415499999998
557,2018-02-07,46.842464,41.669998,226.96835299999998
558,2018-02-08,44.896687,39.5,215.77864100000002
559,2018-02-09,45.749756,39.57,230.222076
560,2018-02-12,46.152332,39.919998,226.204544
561,2018-02-13,46.478226,42.110001000000004,230.76771499999998
562,2018-02-14,47.398392,41.849998,239.48735
563,2018-02-15,48.539024,44.290001000000004,244.52670299999997
564,2018-02-16,48.606121,44.110001000000004,241.88797000000002
565,2018-02-20,47.820145000000004,44.93,247.086029
566,2018-02-21,47.379222999999996,44.099998,239.57663
567,2018-02-22,47.532589,44.900002,240.36076400000002
568,2018-02-23,48.404839,44.860001000000004,244.112854
569,2018-02-26,49.047035,46.549999,244.75805699999998
570,2018-02-27,48.625285999999996,45.91,244.241898
571,2018-02-28,48.567776,46.049999,240.211884
572,2018-03-01,47.64761,46.009997999999996,230.49423199999998
573,2018-03-02,48.2323,46.02,234.79222099999998
574,2018-03-05,49.162056,50.419998,233.908829
575,2018-03-06,49.363341999999996,49.599998,240.370697
576,2018-03-07,49.574219,50.720001,240.05307000000002
577,2018-03-08,49.967216,52.25,239.397949
578,2018-03-09,50.772362,52.490002000000004,243.517273
579,2018-03-12,50.705265000000004,53.189999,247.914536
580,2018-03-13,50.398537,51.830002,245.8797
581,2018-03-14,50.149326,54.610001000000004,246.90208399999997
582,2018-03-15,50.19725,54.84,247.49765
583,2018-03-16,50.101402,54.889998999999996,248.629211
584,2018-03-19,49.794674,54.580002,239.219284
585,2018-03-20,45.097969,57.689999,247.735886
586,2018-03-21,45.069218,57.09,246.723419
587,2018-03-22,43.986095,55.16,240.062973
588,2018-03-23,42.931728,51.669998,231.248642
589,2018-03-26,44.551617,53.549999,242.673569
590,2018-03-27,43.497253,51.060001,223.85365299999998
591,2018-03-28,43.11385,47.389998999999996,219.714493
592,2018-03-29,43.85191,49.200001,229.87879900000001
593,2018-04-02,43.142609,47.68,219.41668700000002
594,2018-04-03,43.027584000000004,47.580002,223.684921
595,2018-04-04,43.621857,47.669998,224.568344
596,2018-04-05,44.053196,48.02,219.744263
597,2018-04-06,42.970078,45.869999,212.666946
598,2018-04-09,43.037167,45.889998999999996,213.818359
599,2018-04-10,43.919003000000004,47.799999,226.225983
600,2018-04-11,43.717709,47.759997999999996,224.568344
601,2018-04-12,43.976517,49.689999,232.86656200000002
602,2018-04-13,44.168209000000004,47.5,229.789444
603,2018-04-16,44.322205,47.029999,229.779556
604,2018-04-17,44.909328,49.130001,235.784821
605,2018-04-18,45.313572,51.380001,234.623505
606,2018-04-19,45.063320000000004,50.630001,227.347626
607,2018-04-20,44.495453000000005,51.459998999999996,227.020096
608,2018-04-23,44.081589,50.349998,222.2258
609,2018-04-24,43.821715999999995,46.009997999999996,219.56558199999998
610,2018-04-25,44.033466,44.75,215.059128
611,2018-04-26,44.235588,46.740002000000004,223.55587799999998
612,2018-04-27,43.821715999999995,47.57,224.6577
613,2018-04-30,43.956466999999996,47.34,223.238235
614,2018-05-01,44.225967,48.200001,225.46168500000002
615,2018-05-02,43.802464,48.66,224.637802
616,2018-05-03,43.369354,49.209998999999996,231.268463
617,2018-05-04,43.994972,49.099998,237.293625
618,2018-05-07,44.341460999999995,51.119999,246.84251400000002
619,2018-05-08,44.216339000000005,53.32,248.54982
620,2018-05-09,44.832321,54.259997999999996,253.89007599999997
621,2018-05-10,45.169197,54.650002,258.207916
622,2018-05-11,45.063320000000004,54.73,252.649307
623,2018-05-14,45.063320000000004,54.279999,253.473175
624,2018-05-15,45.053699,54.650002,243.74559
625,2018-05-16,44.976696000000004,56.59,244.19226099999997
626,2018-05-17,44.793834999999994,54.82,245.8797
627,2018-05-18,44.582077000000005,55.040001000000004,244.12278700000002
628,2018-05-21,45.438686,56.389998999999996,242.43534900000003
629,2018-05-22,44.630203,54.630001,240.906708
630,2018-05-23,45.140324,55.09,245.8629
631,2018-05-24,44.716827,55.549999,246.011887
632,2018-05-25,45.236568,55.77,247.59111000000001
633,2018-05-29,44.52433,56.919998,246.905792
634,2018-05-30,45.284695,57.91,251.27601600000003
635,2018-05-31,44.967075,58.25,250.4814
636,2018-06-01,45.573437,59.41,255.87460299999998
637,2018-06-04,45.544567,61.200001,263.055634
638,2018-06-05,45.361686999999996,61.57,263.27417
639,2018-06-06,45.958424,62.720001,263.353607
640,2018-06-07,45.891052,60.669998,261.118835
641,2018-06-08,46.372295,61.779999,260.503021
642,2018-06-11,46.381912,61.290001000000004,258.854248
643,2018-06-12,46.632164,63.209998999999996,260.800995
644,2018-06-13,46.458915999999995,62.5,260.622284
645,2018-06-14,44.177834000000004,63.880001,265.101715
646,2018-06-15,44.543587,64.480003,263.46286000000003
647,2018-06-18,44.774582,66.199997,263.293976
648,2018-06-19,44.533958,65.959999,258.407349
649,2018-06-20,41.213398,67.589996,260.53283700000003
650,2018-06-21,41.482890999999995,67.099998,255.368073
651,2018-06-22,42.445374,65.75,249.249786
652,2018-06-25,42.618618,61.889998999999996,237.499969
653,2018-06-26,42.743744,62.549999,240.350525
654,2018-06-27,41.819763,60.09,234.122971
655,2018-06-28,42.195133,61.549999,239.22817999999998
656,2018-06-29,42.406876000000004,61.639998999999996,235.294983
657,2018-07-02,43.263493,63.139998999999996,240.59880099999998
658,2018-07-03,43.04211,61.75,235.235413
659,2018-07-05,43.706219,64.150002,241.085495
660,2018-07-06,44.274094,66.440002,245.654327
661,2018-07-09,44.976696000000004,66.480003,247.561325
662,2018-07-10,45.226944,64.760002,251.53421
663,2018-07-11,45.852558,65.33000200000001,245.85299700000002
664,2018-07-12,46.343418,67.279999,249.527893
665,2018-07-13,46.805408,66.970001,247.630859
666,2018-07-16,46.824734,66.949997,246.51843300000002
667,2018-07-17,47.249889,68.33000200000001,251.971237
668,2018-07-18,46.998657,68.290001,249.99470499999998
669,2018-07-19,46.805408,70.32,250.32247900000002
670,2018-07-20,46.882709999999996,70.410004,249.19021600000002
671,2018-07-23,47.027645,71.599998,247.72023
672,2018-07-24,47.027645,69.360001,247.024994
673,2018-07-25,47.298199,72.529999,250.163589
674,2018-07-26,47.220898,71.989998,253.11344900000003
675,2018-07-27,46.988995,69.849998,250.31257599999998
676,2018-07-30,46.119372999999996,65.620003,242.476013
677,2018-07-31,46.071049,64.650002,243.201065
678,2018-08-01,45.75219,66.860001,244.80015600000002
679,2018-08-02,46.28363,72.650002,248.92201200000002
680,2018-08-03,46.834396000000005,68.360001,250.39201400000002
681,2018-08-06,47.027645,70.91999799999999,252.30894500000002
682,2018-08-07,46.844059,71.0,255.20916699999998
683,2018-08-08,46.757095,70.82,256.66925
684,2018-08-09,46.902031,69.379997,254.722488
685,2018-08-10,46.689461,70.599998,253.06376600000002
686,2018-08-13,46.389915,72.370003,254.384781
687,2018-08-14,46.602493,74.970001,259.658783
688,2018-08-15,46.225654999999996,72.239998,257.32473799999997
689,2018-08-16,46.476879,72.760002,255.695801
690,2018-08-17,46.728107,72.900002,243.16131600000003
691,2018-08-20,46.786076,74.260002,246.16088900000003
692,2018-08-21,46.776421,75.190002,251.60374500000003
693,2018-08-22,47.153255,76.440002,261.039368
694,2018-08-23,47.307860999999995,77.120003,265.032135
695,2018-08-24,47.597733000000005,78.18,270.37573199999997
696,2018-08-27,47.665375,78.25,274.03076200000004
697,2018-08-28,46.998657,80.800003,272.521057
698,2018-08-29,47.240219,85.699997,276.75451699999996
699,2018-08-30,46.747433,87.760002,276.078735
700,2018-08-31,46.940684999999995,88.639999,278.930847
701,2018-09-04,46.940684999999995,91.25,281.932007
702,2018-09-05,46.418911,87.199997,276.684937
703,2018-09-06,46.10004,88.540001,271.020477
704,2018-09-07,46.196671,89.970001,270.165833
705,2018-09-10,47.211231,89.389999,273.017914
706,2018-09-11,47.269207,92.279999,271.099945
707,2018-09-12,47.675036999999996,90.440002,266.528656
708,2018-09-13,47.307860999999995,90.220001,269.649109
709,2018-09-14,47.58807,90.82,274.707336
710,2018-09-17,47.520435,86.860001,272.222931
711,2018-09-18,47.3755,87.989998,269.331055
712,2018-09-19,47.761996999999994,84.800003,270.285126
713,2018-09-20,48.728252000000005,86.510002,264.62060499999995
714,2018-09-21,49.375648,85.300003,261.808258
715,2018-09-24,49.510925,86.040001,264.044189
716,2018-09-25,49.974724,95.349998,266.73733500000003
717,2018-09-26,49.88776,94.650002,265.256622
718,2018-09-27,49.945744,97.959999,265.733612
719,2018-09-28,49.820126,99.010002,279.268768
720,2018-10-01,50.052025,97.279999,287.556763
721,2018-10-02,48.535004,97.83000200000001,284.694733
722,2018-10-03,48.071197999999995,96.959999,284.943146
723,2018-10-04,47.800652,94.489998,277.54953
724,2018-10-05,47.684696,94.110001,268.178253
725,2018-10-08,47.694365999999995,86.059998,264.113739
726,2018-10-09,47.220898,86.16999799999999,263.88525400000003
727,2018-10-10,45.800503000000006,77.449997,244.15893599999998
728,2018-10-11,45.201427,69.029999,233.66473399999998
729,2018-10-12,45.781174,73.970001,245.00361600000002
730,2018-10-15,45.713271999999996,73.769997,233.913162
731,2018-10-16,46.790127000000005,78.720001,244.29805
732,2018-10-17,46.431179,78.050003,241.545303
733,2018-10-18,45.9655,74.959999,238.037323
734,2018-10-19,46.169230999999996,74.07,227.74186699999998
735,2018-10-22,46.508789,75.720001,229.77911400000002
736,2018-10-23,46.557297,74.150002,219.682404
737,2018-10-24,45.36401,69.339996,198.16731299999998
738,2018-10-25,46.528191,73.489998,206.54478500000002
739,2018-10-26,45.907299,71.120003,197.054276
740,2018-10-29,45.616257,67.279999,184.463272
741,2018-10-30,47.119976,68.760002,201.73494
742,2018-10-31,47.381916,73.449997,209.516174
743,2018-11-01,47.139381,76.739998,216.75076299999998
744,2018-11-02,47.372215000000004,77.760002,213.580673
745,2018-11-05,47.556540999999996,75.010002,210.45031699999998
746,2018-11-06,47.779671,77.309998,209.744736
747,2018-11-07,48.759521,82.690002,212.45771800000003
748,2018-11-08,48.92445,75.230003,204.706329
749,2018-11-09,49.099072,73.269997,204.388321
750,2018-11-12,47.75058,69.83000200000001,188.35884099999998
751,2018-11-13,48.031918,71.849998,198.067963
752,2018-11-14,47.381916,69.809998,195.961166
753,2018-11-15,49.118477,73.599998,201.12875400000001
754,2018-11-16,49.642357000000004,70.589996,163.405304
755,2018-11-19,48.070717,62.970001,143.798264
756,2018-11-20,46.887146,61.82,148.15097
757,2018-11-21,47.168488,62.619999,143.808228
758,2018-11-23,47.246101,63.470001,144.09638999999999
759,2018-11-26,46.819233000000004,66.519997,152.09622199999998
760,2018-11-27,46.023716,65.879997,152.771988
761,2018-11-28,46.75132,69.889999,159.072495
762,2018-11-29,46.469982,69.900002,156.535828
763,2018-11-30,47.304306,69.839996,162.574066
764,2018-12-03,48.342369,71.949997,169.149429
765,2018-12-04,47.294605,63.509997999999996,156.287155
766,2018-12-06,45.286407000000004,65.690002,157.46096799999998
767,2018-12-07,44.626709000000005,60.779999,146.83691399999998
768,2018-12-10,45.276695000000004,63.380001,151.064651
769,2018-12-11,45.072967999999996,61.779999,147.413864
770,2018-12-12,45.907299,63.650002,148.120148
771,2018-12-13,45.819984000000005,62.900002,148.110184
772,2018-12-14,45.208794,62.139998999999996,145.682983
773,2018-12-17,44.364765000000006,58.619999,142.828003
774,2018-12-18,44.481182000000004,59.919998,146.17041
775,2018-12-19,45.063274,59.029999,137.784561
776,2018-12-20,44.859539,55.900002,134.392441
777,2018-12-21,42.686417,52.509997999999996,128.891418
778,2018-12-24,41.415524,50.720001,126.41443600000001
779,2018-12-26,43.258801,55.32,132.402924
780,2018-12-27,43.627453,56.150002,130.483002
781,2018-12-28,43.481926,55.869999,132.950027
782,2018-12-31,43.802085999999996,56.09,132.800812
783,2019-01-02,43.869987,57.200001,135.506561
784,2019-01-03,43.443127000000004,52.419998,127.31965600000001
785,2019-01-04,45.315506,58.18,135.47671499999998
786,2019-01-07,46.033413,60.720001,142.64894099999998
787,2019-01-08,46.450581,63.119999,139.097656
788,2019-01-09,46.353561,65.93,141.83325200000002
789,2019-01-10,46.392368,66.099998,144.469391
790,2019-01-11,46.848343,66.230003,148.050507
791,2019-01-14,46.741627,65.18,149.65206899999998
792,2019-01-15,47.121479,65.959999,149.085068
793,2019-01-16,46.809799,65.900002,148.060486
794,2019-01-17,47.316277,68.839996,150.9254
795,2019-01-18,47.988331,72.239998,156.108093
796,2019-01-22,47.666908,67.849998,147.990829
797,2019-01-23,47.959109999999995,69.099998,148.508072
798,2019-01-24,47.920147,73.940002,157.013306
799,2019-01-25,48.504539,77.970001,159.311218
800,2019-01-28,48.231823,76.220001,137.287201
801,2019-01-29,48.319481,68.559998,130.910782
802,2019-01-30,49.049973,71.529999,136.67044099999998
803,2019-01-31,48.923351000000004,71.349998,142.997116
804,2019-02-01,49.48827,70.800003,143.97198500000002
805,2019-02-04,49.702541,71.75,148.398666
806,2019-02-05,49.907082,72.279999,149.164642
807,2019-02-06,49.926556,72.66999799999999,152.198669
808,2019-02-07,48.913612,71.949997,146.647903
809,2019-02-08,49.702541,73.489998,147.393982
810,2019-02-11,49.897339,74.32,145.682983
811,2019-02-12,49.8876,75.589996,150.37825
812,2019-02-13,50.082397,75.629997,152.07933
813,2019-02-14,50.140839,75.66999799999999,153.72065700000002
814,2019-02-15,50.374596000000004,75.639999,156.515961
815,2019-02-19,50.66679,76.639999,155.819626
816,2019-02-20,50.423294,75.970001,157.719604
817,2019-02-21,50.754448,74.43,154.954178
818,2019-02-22,51.114819,76.08000200000001,158.356277
819,2019-02-25,51.192741,77.129997,157.858887
820,2019-02-26,51.231701,77.949997,156.277206
821,2019-02-27,51.017426,79.32,154.596054
822,2019-02-28,50.77393,81.239998,153.610229
823,2019-03-01,51.144042999999996,77.459999,155.791
824,2019-03-04,50.686268,74.690002,156.11961399999998
825,2019-03-05,50.997948,76.040001,155.860718
826,2019-03-06,50.988209000000005,75.139999,151.40953100000002
827,2019-03-07,51.212223,74.110001,148.631271
828,2019-03-08,51.397278,74.400002,150.005463
829,2019-03-11,51.290141999999996,75.529999,160.46125800000002
830,2019-03-12,51.426497999999995,76.769997,161.83543400000002
831,2019-03-13,51.679737,77.849998,167.909744
832,2019-03-14,51.669990999999996,77.379997,164.862625
833,2019-03-15,51.562859,76.650002,169.094727
834,2019-03-18,52.069328000000006,75.230003,168.238358
835,2019-03-19,52.634235,76.809998,174.969864
836,2019-03-20,51.270664000000004,75.260002,173.665405
837,2019-03-21,52.634235,78.529999,183.165207
838,2019-03-22,51.397278,75.089996,176.752319
839,2019-03-25,51.368065,74.550003,173.047989
840,2019-03-26,51.894016,73.93,176.124969
841,2019-03-27,51.436245,72.970001,175.756546
842,2019-03-28,51.806354999999996,74.260002,176.503387
843,2019-03-29,52.312828,74.91999799999999,178.80365
844,2019-04-01,53.160202000000005,76.32,181.512192
845,2019-04-02,52.741379,75.599998,182.22915600000002
846,2019-04-03,52.653721,77.050003,187.8255
847,2019-04-04,52.419964,74.519997,187.46701000000002
848,2019-04-05,52.5271,75.029999,190.145676
849,2019-04-08,52.322571,75.0,190.982147
850,2019-04-09,52.42970699999999,74.599998,188.462784
851,2019-04-10,52.801479,74.739998,191.290863
852,2019-04-11,52.625374,75.5,190.7332
853,2019-04-12,53.320004000000004,75.279999,189.209625
854,2019-04-15,53.447189,74.389999,183.921982
855,2019-04-16,53.40805400000001,73.489998,187.417236
856,2019-04-17,53.300433999999996,72.760002,186.501099
857,2019-04-18,53.339573,70.739998,185.515274
858,2019-04-22,53.437405000000005,72.58000200000001,187.676132
859,2019-04-23,53.750473,72.449997,189.866852
860,2019-04-24,53.985279000000006,71.989998,190.36476100000002
861,2019-04-25,53.818954000000005,72.650002,186.122696
862,2019-04-26,54.2103,71.550003,177.339828
863,2019-04-29,53.887451,72.720001,178.574631
864,2019-04-30,54.132038,72.82,180.237595
865,2019-05-01,53.691776000000004,73.620003,179.709824
866,2019-05-02,53.417839,67.739998,182.418365
867,2019-05-03,53.603725,68.519997,182.23911999999999
868,2019-05-06,53.662426,70.139999,179.092438
869,2019-05-07,52.830830000000006,68.41999799999999,172.380814
870,2019-05-08,52.821049,67.25,173.187408
871,2019-05-09,53.075419999999994,66.389999,169.473129
872,2019-05-10,53.466755000000006,65.989998,168.108902
873,2019-05-13,52.27317,62.389998999999996,157.782578
874,2019-05-14,52.958015,64.110001,161.35746799999998
875,2019-05-15,53.378704000000006,65.230003,158.907822
876,2019-05-16,53.456974,66.400002,159.515244
877,2019-05-17,53.320004000000004,65.309998,155.870667
878,2019-05-20,52.498188,64.389999,151.11080900000002
879,2019-05-21,52.99714300000001,65.91999799999999,154.40686000000002
880,2019-05-22,53.026501,66.459999,151.558884
881,2019-05-23,51.930748,63.75,146.69946299999998
882,2019-05-24,51.627457,64.660004,144.538589
883,2019-05-28,50.629539,65.82,142.726273
884,2019-05-29,50.570842999999996,63.23,139.74884
885,2019-05-30,50.600196999999994,63.669998,138.682144
886,2019-05-31,49.50444,61.950001,135.043396
887,2019-06-03,49.152241,60.619999,133.368546
888,2019-06-04,50.893696000000006,63.389998999999996,142.560196
889,2019-06-05,50.971965999999995,64.93,140.84548999999998
890,2019-06-06,51.451359000000004,65.769997,143.337799
891,2019-06-07,52.10685,68.459999,145.052505
892,2019-06-10,52.84060699999999,70.370003,147.97348
893,2019-06-11,52.77212900000001,70.18,150.286346
894,2019-06-12,52.459053000000004,70.459999,145.750336
895,2019-06-13,52.67429,72.18,147.804001
896,2019-06-14,52.126415,71.589996,144.195129
897,2019-06-17,51.979668,72.209999,144.583939
898,2019-06-18,51.754642,71.82,152.409821
899,2019-06-19,51.53941,72.660004,152.649078
900,2019-06-20,55.756096,74.41999799999999,153.626053
901,2019-06-21,54.904926,72.870003,151.293243
902,2019-06-24,55.511509,72.709999,152.190475
903,2019-06-25,54.85601,69.870003,151.014099
904,2019-06-26,55.433234999999996,69.949997,158.770172
905,2019-06-27,55.54085500000001,71.279999,162.727982
906,2019-06-28,55.736526,72.529999,163.724884
907,2019-07-01,56.75400500000001,73.199997,165.65892
908,2019-07-02,57.194267,73.970001,161.731033
909,2019-07-03,57.585602,74.260002,162.249451
910,2019-07-05,57.99651,74.309998,159.737213
911,2019-07-08,58.241096,73.43,156.726517
912,2019-07-09,58.309585999999996,77.959999,156.826202
913,2019-07-10,58.847671999999996,78.370003,159.567734
914,2019-07-11,58.691143000000004,79.440002,165.768585
915,2019-07-12,58.515038,82.279999,167.09451299999998
916,2019-07-15,58.241096,82.16999799999999,166.75555400000002
917,2019-07-16,57.573131999999994,80.589996,166.566116
918,2019-07-17,56.9641,80.870003,169.188049
919,2019-07-18,57.091793,81.059998,169.656601
920,2019-07-19,56.522057,78.510002,167.921951
921,2019-07-22,56.580994,78.57,170.793091
922,2019-07-23,56.433651,78.839996,175.11973600000002
923,2019-07-24,57.081974,80.43,178.11051899999998
924,2019-07-25,57.258789,80.019997,172.846756
925,2019-07-26,57.465076,81.809998,174.53157
926,2019-07-29,57.03286,80.199997,174.282349
927,2019-07-30,56.47294599999999,80.489998,174.91038500000002
928,2019-07-31,55.303993000000006,80.410004,168.201065
929,2019-08-01,54.891426,80.980003,164.412781
930,2019-08-02,54.85213100000001,69.599998,160.69426
931,2019-08-05,52.808926,64.849998,150.32621799999998
932,2019-08-06,53.005390000000006,64.599998,151.881454
933,2019-08-07,52.396358,65.0,153.41670200000002
934,2019-08-08,53.683181999999995,66.269997,157.773239
935,2019-08-09,52.946453000000005,65.010002,153.705795
936,2019-08-12,52.307949,62.299999,150.984207
937,2019-08-13,53.01521700000001,63.0,155.570053
938,2019-08-14,51.394405,61.549999,149.608459
939,2019-08-15,51.65963,62.0,148.31243899999998
940,2019-08-16,52.641937,62.869999,159.069275
941,2019-08-19,52.91698100000001,64.08000200000001,170.25474499999999
942,2019-08-20,52.042728000000004,64.370003,167.35368300000002
943,2019-08-21,52.298134000000005,65.410004,170.70336899999998
944,2019-08-22,52.249012,64.68,170.95259099999998
945,2019-08-23,50.6675,61.779999,161.94041399999998
946,2019-08-26,51.207767,62.799999,164.941132
947,2019-08-27,51.463165000000004,61.75,161.30238300000002
948,2019-08-28,51.030949,62.150002,160.883255
949,2019-08-29,51.237235999999996,62.84,166.651184
950,2019-08-30,51.139008000000004,61.84,167.16011
951,2019-09-03,50.972012,61.130001,163.827072
952,2019-09-04,52.032906,61.169998,168.407486
953,2019-09-05,52.887516000000005,63.02,179.364578
954,2019-09-06,52.219543,62.0,178.27684
955,2019-09-09,53.57513,61.470001,180.122986
956,2019-09-10,54.488678,60.549999,182.797379
957,2019-09-11,55.294174,59.200001,183.94499199999998
958,2019-09-12,52.936626000000004,57.790001000000004,183.88511699999998
959,2019-09-13,52.79910699999999,58.290001000000004,181.55998200000002
960,2019-09-16,52.199898,59.25,179.833588
961,2019-09-17,51.934673,59.599998,180.691803
962,2019-09-18,51.630157000000004,59.75,179.60405
963,2019-09-19,52.425827000000005,59.029999,176.570404
964,2019-09-20,52.524063,57.849998,172.32931499999998
965,2019-09-23,53.064331,56.759997999999996,174.474808
966,2019-09-24,52.406185,57.5,172.169632
967,2019-09-25,52.887516000000005,58.509997999999996,177.857727
968,2019-09-26,53.005390000000006,60.799999,176.969574
969,2019-09-27,53.133091,60.75,171.401245
970,2019-09-30,54.056461,61.950001,173.706421
971,2019-10-01,52.848220999999995,61.630001,173.636551
972,2019-10-02,52.209721,60.080002,172.678558
973,2019-10-03,52.907162,62.049999,180.93129
974,2019-10-04,54.164519999999996,62.650002,181.58992
975,2019-10-07,53.830532,62.25,183.94499199999998
976,2019-10-08,53.0938,60.799999,176.859802
977,2019-10-09,53.804214,62.220001,180.33255
978,2019-10-10,54.751442000000004,62.029999,182.64768999999998
979,2019-10-11,56.132801,61.540001000000004,185.601517
980,2019-10-14,55.708527000000004,61.830002,186.14038100000002
981,2019-10-15,55.599991,64.290001,195.959824
982,2019-10-16,55.13625,63.0,193.80436699999998
983,2019-10-17,54.32716,63.400002,193.884155
984,2019-10-18,53.823948,60.450001,190.092117
985,2019-10-21,54.396232999999995,61.150002,195.60058600000002
986,2019-10-22,53.389805,58.830002,195.201431
987,2019-10-23,53.409538,58.360001000000004,194.682495
988,2019-10-24,53.537804,61.720001,196.448822
989,2019-10-25,53.449001,62.889998999999996,204.112762
990,2019-10-28,53.91275,62.799999,206.358063
991,2019-10-29,54.070620999999996,62.41,202.49615500000002
992,2019-10-30,54.119953,62.16,202.575989
993,2019-10-31,53.764748,61.43,200.600128
994,2019-11-01,54.267959999999995,62.599998,202.166855
995,2019-11-04,54.711971,62.380001,210.06031800000002
996,2019-11-05,54.929035,61.060001,209.17218
997,2019-11-06,54.958641,61.34,207.196304
998,2019-11-07,55.234913,64.410004,207.904831
999,2019-11-08,55.73813199999999,62.450001,207.345993
1000,2019-11-11,55.678928000000006,63.790001000000004,207.745163
1001,2019-11-12,55.836796,61.540001000000004,209.17218
1002,2019-11-13,55.461853000000005,61.509997999999996,208.134369
1003,2019-11-14,55.343452,62.990002000000004,209.351807
1004,2019-11-15,55.669056000000005,64.699997,203.763504
1005,2019-11-18,55.442119999999996,65.739998,211.836594
1006,2019-11-19,55.521053,66.370003,207.555557
1007,2019-11-20,55.491455,67.16999799999999,210.738892
1008,2019-11-21,55.481586,67.41999799999999,209.74098199999997
1009,2019-11-22,55.639458,67.75,210.44950899999998
1010,2019-11-25,55.807198,68.25,220.747955
1011,2019-11-26,55.757862,68.940002,216.54673799999998
1012,2019-11-27,55.856529,69.650002,217.944855
1013,2019-11-29,55.39278,69.120003,216.44688399999998
1014,2019-12-02,54.692238,66.879997,208.966995
1015,2019-12-03,53.863415,67.040001,207.379166
1016,2019-12-04,53.68581,67.779999,209.136765
1017,2019-12-05,53.952217000000005,67.139999,208.45768700000002
1018,2019-12-06,54.100224,67.980003,211.88305699999998
1019,2019-12-09,54.573837,67.059998,211.88305699999998
1020,2019-12-10,55.077042000000006,65.839996,213.69061299999998
1021,2019-12-11,55.560524,65.75,217.04606600000002
1022,2019-12-12,55.718391000000004,65.860001,223.766983
1023,2019-12-13,53.78448100000001,64.800003,223.687073
1024,2019-12-16,53.2714,66.529999,224.84548999999998
1025,2019-12-17,52.136711,65.550003,227.98123199999998
1026,2019-12-18,52.679386,65.139999,229.199585
1027,2019-12-19,52.531383999999996,64.550003,235.141556
1028,2019-12-20,52.886593000000005,63.630001,239.04626499999998
1029,2019-12-23,52.995125,62.799999,238.497025
1030,2019-12-24,52.728722,63.959998999999996,238.297287
1031,2019-12-26,52.856995,64.029999,238.86651600000002
1032,2019-12-27,52.74845500000001,63.799999,236.54963700000002
1033,2019-12-30,51.998573,61.799999,232.005798
1034,2019-12-31,52.274845,62.560001,234.981781
1035,2020-01-02,53.231933999999995,63.830002,239.585526
1036,2020-01-03,53.04446,63.0,235.750748
1037,2020-01-06,53.32074,62.57,236.73939500000003
1038,2020-01-07,53.43914,64.589996,239.605499
1039,2020-01-08,53.647266,67.599998,240.05490099999997
1040,2020-01-09,53.895039000000004,67.93,242.69133
1041,2020-01-10,53.964413,67.989998,243.98957799999997
1042,2020-01-13,54.093254,68.660004,251.639206
1043,2020-01-14,54.390579,68.16999799999999,246.94557200000003
1044,2020-01-15,54.271648,70.360001,245.237869
1045,2020-01-16,54.935673,69.519997,248.593338
1046,2020-01-17,54.638348,69.379997,248.942871
1047,2020-01-21,54.727546999999994,68.309998,247.604691
1048,2020-01-22,54.232006000000005,68.690002,249.77174399999998
1049,2020-01-23,54.489684999999994,69.290001,252.518036
1050,2020-01-24,53.587803,71.139999,250.14123500000002
1051,2020-01-27,52.220104,71.050003,239.87515299999998
1052,2020-01-28,52.983242000000004,74.800003,247.634628
1053,2020-01-29,52.725559,76.160004,245.207916
1054,2020-01-30,52.834579000000005,76.099998,245.477554
1055,2020-01-31,51.98225,74.690002,236.110229
1056,2020-02-03,52.616539,79.800003,240.00497400000003
1057,2020-02-04,53.558071,80.900002,246.795776
1058,2020-02-05,54.251827,78.25,250.42085299999997
1059,2020-02-06,54.222094999999996,78.510002,253.90614300000001
1060,2020-02-07,54.232006000000005,78.860001,251.24974100000003
1061,2020-02-10,54.499596,80.16999799999999,262.61438
1062,2020-02-11,54.658168999999994,79.879997,267.527679
1063,2020-02-12,55.232994,80.0,272.171417
1064,2020-02-13,54.816745999999995,80.989998,270.413788
1065,2020-02-14,54.97531899999999,81.860001,289.398071
1066,2020-02-18,54.955493999999995,82.41999799999999,296.16891499999997
1067,2020-02-19,54.945583,85.239998,314.27441400000004
1068,2020-02-20,55.014956999999995,85.699997,308.28250099999997
1069,2020-02-21,54.192364000000005,83.489998,293.672302
1070,2020-02-24,52.180465999999996,80.209999,272.910431
1071,2020-02-25,50.505534999999995,77.050003,261.695618
1072,2020-02-26,51.585812,76.589996,267.288025
1073,2020-02-27,50.327141,79.309998,252.409271
1074,2020-02-28,49.018913,83.33000200000001,269.866058
1075,2020-03-02,50.446071999999994,80.66999799999999,276.221252
1076,2020-03-03,48.414352,78.839996,265.68924
1077,2020-03-04,50.089283,79.260002,284.29519700000003
1078,2020-03-05,47.571934000000006,76.32,273.08364900000004
1079,2020-03-06,46.947552,73.089996,265.839142
1080,2020-03-09,45.599678000000004,65.730003,245.254669
1081,2020-03-10,48.146763,67.239998,260.88284300000004
1082,2020-03-11,44.321186,62.439999,246.28388999999999
1083,2020-03-12,39.445060999999995,53.57,216.146652
1084,2020-03-13,47.502559999999995,57.77,240.658127
1085,2020-03-16,42.339024,41.27,196.251678
1086,2020-03-17,46.442101,44.73,217.105942
1087,2020-03-18,46.848446,39.5,202.666855
1088,2020-03-19,44.668064,40.0,212.809174
1089,2020-03-20,45.242893,38.09,205.594635
1090,2020-03-23,43.79591,40.009997999999996,212.529404
1091,2020-03-24,47.413361,46.310001,248.991837
1092,2020-03-25,45.530304,52.389998999999996,245.434525
1093,2020-03-26,50.029816,56.029999,257.045746
1094,2020-03-27,49.385616,53.34,252.539154
1095,2020-03-30,49.910889000000005,55.0,265.389435
1096,2020-03-31,47.898990999999995,52.380001,263.40097000000003
1097,2020-04-01,48.2756,46.810001,242.88645899999997
1098,2020-04-02,49.355881,45.880001,255.27708399999997
1099,2020-04-03,48.95945,43.720001,243.72582999999997
1100,2020-04-06,51.030811,50.419998,268.197296
1101,2020-04-07,50.307316,50.310001,258.834381
1102,2020-04-08,51.910542,57.040001000000004,266.748444
1103,2020-04-09,52.956123,59.209998999999996,262.751465
1104,2020-04-13,52.747005,59.419998,269.64624
1105,2020-04-14,53.772670999999995,62.41,283.735596
1106,2020-04-15,52.936206999999996,61.380001,280.62793
1107,2020-04-16,53.473934,57.32,294.47747799999996
1108,2020-04-17,54.39006,61.09,292.09927400000004
1109,2020-04-20,53.683048,61.060001,286.833252
1110,2020-04-21,51.093994,57.400002,269.306519
1111,2020-04-22,52.049953,60.959998999999996,285.933929
1112,2020-04-23,51.751217,61.82,283.795532
1113,2020-04-24,52.786834999999996,62.009997999999996,289.371338
1114,2020-04-27,53.145320999999996,63.549999,296.855652
1115,2020-04-28,52.976040000000005,61.75,291.139954
1116,2020-04-29,53.653175,65.769997,298.234619
1117,2020-04-30,52.747005,65.139999,292.059296
1118,2020-05-01,51.571976,63.0,282.566467
1119,2020-05-04,51.532143,63.689999,291.070038
1120,2020-05-05,51.830878999999996,66.690002,293.518188
1121,2020-05-06,51.641678000000006,68.099998,297.565125
1122,2020-05-07,52.378563,74.620003,304.639771
1123,2020-05-08,53.34447900000001,76.050003,312.264008
1124,2020-05-11,53.304646,74.900002,322.376373
1125,2020-05-12,52.049953,75.209999,311.86431899999997
1126,2020-05-13,51.432564,73.790001,310.965027
1127,2020-05-14,52.687259999999995,78.199997,320.977448
1128,2020-05-15,52.697216000000004,80.260002,339.373535
1129,2020-05-18,52.92625,76.629997,349.745728
1130,2020-05-19,52.119659000000006,79.25,351.954041
1131,2020-05-20,52.677303,82.040001,358.529053
1132,2020-05-21,52.000164,81.489998,350.744965
1133,2020-05-22,52.398478999999995,81.489998,360.77734399999997
1134,2020-05-26,52.557804000000004,80.790001,348.44665499999996
1135,2020-05-27,52.976040000000005,81.019997,340.752502
1136,2020-05-28,53.394268000000004,79.620003,339.223663
1137,2020-05-29,53.54364,81.08000200000001,354.751923
1138,2020-06-01,52.836628000000005,82.720001,351.98400899999996
1139,2020-06-02,53.055698,88.0,352.743439
1140,2020-06-03,53.26481999999999,91.970001,350.515106
1141,2020-06-04,52.62751,87.720001,350.555115
1142,2020-06-05,53.752754,89.93,356.693268
1143,2020-06-08,54.868038,89.620003,352.094666
1144,2020-06-09,53.951912,89.529999,361.731781
1145,2020-06-10,53.882206000000004,91.910004,374.557953
1146,2020-06-11,51.093994,86.089996,351.744781
1147,2020-06-12,51.641678000000006,86.720001,357.193115
1148,2020-06-15,53.025826,91.0,366.840271
1149,2020-06-16,54.360188,94.739998,362.6315
1150,2020-06-17,51.303112,97.029999,369.329498
1151,2020-06-18,53.463974,98.269997,368.609711
1152,2020-06-19,54.170986,97.980003,370.339203
1153,2020-06-22,54.887955000000005,104.220001,380.956024
1154,2020-06-23,54.957661,104.75,377.886932
1155,2020-06-24,54.210815000000004,100.879997,369.309509
1156,2020-06-25,54.300438,104.779999,379.486481
1157,2020-06-26,53.951912,104.300003,366.090485
1158,2020-06-29,54.52946899999999,103.68,367.889923
1159,2020-06-30,55.037323,104.940002,379.79638700000004
1160,2020-07-01,55.256397,115.900002,381.085999
1161,2020-07-02,55.704502000000005,113.389999,384.375
1162,2020-07-06,56.361720999999996,118.970001,393.452301
1163,2020-07-07,56.072948,125.599998,394.751892
1164,2020-07-08,56.421471,133.350006,408.517792
1165,2020-07-09,57.287806999999994,129.389999,420.234253
1166,2020-07-10,57.148399,128.050003,419.044647
1167,2020-07-13,56.769997,118.650002,401.969727
1168,2020-07-14,57.200001,121.239998,414.955841
1169,2020-07-15,56.619999,122.199997,408.967651
1170,2020-07-16,55.82,119.949997,405.268768
1171,2020-07-17,54.900002,120.730003,407.937958
1172,2020-07-20,55.400002,128.389999,420.30422999999996
1173,2020-07-21,55.91,126.989998,413.016449
1174,2020-07-22,56.009997999999996,129.179993,417.42511
1175,2020-07-23,55.759997999999996,122.93,405.06881699999997
1176,2020-07-24,55.650002,121.410004,407.65802
1177,2020-07-27,55.34,125.75,416.735291
1178,2020-07-28,55.349998,123.510002,408.497772
1179,2020-07-29,55.700001,128.550003,418.494781
1180,2020-07-30,55.25,129.130005,424.43301399999996
1181,2020-07-31,55.450001,129.850006,424.463013
1182,2020-08-03,55.98,134.800003,440.27829
1183,2020-08-04,56.0,136.830002,448.975647
1184,2020-08-05,55.5,146.550003,451.334961
1185,2020-08-06,55.279999,154.0,453.28439299999997
1186,2020-08-07,55.23,147.220001,447.846008
1187,2020-08-10,54.939999,139.33999599999999,446.46643099999994
1188,2020-08-11,54.27,138.25,433.870178
1189,2020-08-12,54.169998,139.020004,457.47311399999995
1190,2020-08-13,54.02,143.190002,457.583099
1191,2020-08-14,54.200001,141.96000700000002,462.42166100000003
1192,2020-08-17,53.990002000000004,152.479996,493.33242800000005
1193,2020-08-18,55.18,151.03999299999998,490.283295
1194,2020-08-19,56.200001,150.369995,485.394775
1195,2020-08-20,55.259997999999996,155.860001,485.49475099999995
1196,2020-08-21,55.189999,155.100006,507.188263
1197,2020-08-24,56.009997999999996,151.78999299999998,508.65780599999994
1198,2020-08-25,56.09,155.0,509.84747300000004
1199,2020-08-26,57.490002000000004,153.740005,510.76721200000003
1200,2020-08-27,57.18,155.610001,504.97891200000004
1201,2020-08-28,57.880001,155.929993,525.752686
1202,2020-08-31,57.220001,159.559998,534.819946
1203,2020-09-01,57.66,166.66000400000001,552.840027
1204,2020-09-02,59.029999,162.880005,573.8599849999999
1205,2020-09-03,57.099998,152.860001,520.619995
1206,2020-09-04,55.73,146.389999,504.89999400000005
1207,2020-09-08,55.32,139.110001,476.51998899999995
1208,2020-09-09,56.950001,144.21000700000002,508.60000599999995
1209,2020-09-10,57.330002,141.070007,492.47000099999997
1210,2020-09-11,57.0,137.449997,486.579987
1211,2020-09-14,59.459998999999996,144.399994,514.8900150000001
1212,2020-09-15,60.939999,154.5,519.6400150000001
1213,2020-09-16,60.43,151.050003,500.579987
1214,2020-09-17,60.18,145.639999,498.540009
1215,2020-09-18,59.75,145.009995,487.57000700000003
1216,2020-09-21,60.82,151.119995,500.69000199999994
1217,2020-09-22,60.619999,155.58999599999999,505.51000999999997
1218,2020-09-23,58.959998999999996,149.58999599999999,484.950012
1219,2020-09-24,59.299999,152.309998,493.920013
1220,2020-09-25,59.799999,157.720001,514.950012
1221,2020-09-28,59.580002,160.759995,521.400024
1222,2020-09-29,59.470001,164.809998,529.030029
1223,2020-09-30,59.700001,162.550003,541.219971
1224,2020-10-01,59.68,168.490005,544.580017
1225,2020-10-02,58.830002,169.610001,522.48999
