Date,AMT,HD,FB,MSFT,WMT
2015-10-02,89.74,117.81,92.07,45.57,64.98
2015-10-05,93.46,119.2,94.01,46.63,65.87
2015-10-06,93.37,118.68,92.8,46.75,65.68
2015-10-07,94.24,119.65,92.4,46.8,66.36
2015-10-08,95.57,121.06,92.47,47.45,66.88
2015-10-09,94.94,121.33,93.24,47.11,66.69
2015-10-12,94.8,121.9,94.26,47,66.93
2015-10-13,93.7,121.61,94.12,46.89,66.73
2015-10-14,93.06,120.27,94.07,46.68,60.03
2015-10-15,94.65,121.81,95.96,47.01,59.33
2015-10-16,96.13,122.74,97.54,47.51,58.89
2015-10-19,96.79,123.1,98.47,47.62,58.85
2015-10-20,96.91,122.85,97,47.77,58.75
2015-10-21,96.06,123.3,97.11,47.2,58.64
2015-10-22,99.47,124.36,99.67,48.03,58.9
2015-10-23,99.17,124.61,102.19,52.87,58.3
2015-10-26,99.53,125.01,103.77,54.25,58.02
2015-10-27,99.27,124.47,103.7,53.69,57.48
2015-10-28,100.87,123.82,104.2,53.98,57.64
2015-10-29,101.96,123.63,104.88,53.36,57.96
2015-10-30,102.23,123.64,101.97,52.64,57.24
2015-11-02,104.06,124.41,103.31,53.24,57.61
2015-11-03,103.28,125.66,102.58,54.15,58.11
2015-11-04,102.23,125.38,103.94,54.4,58.37
2015-11-05,100.87,125.72,108.76,54.38,58.61
2015-11-06,98.03,125.98,107.1,54.92,58.78
2015-11-09,97.11,124.5,106.49,54.16,58.49
2015-11-10,97.13,125.26,107.91,53.51,58.68
2015-11-11,97.62,124.71,109.01,53.65,57.58
2015-11-12,97.35,123.81,108.02,53.32,56.95
2015-11-13,96.38,120,103.95,52.84,56.42
2015-11-16,98.05,120.84,104.04,53.77,57.87
2015-11-17,98.35,126.18,105.13,52.97,59.92
2015-11-18,99.66,126.54,107.77,53.85,60.93
2015-11-19,99.63,126.86,106.26,53.94,60.7
2015-11-20,100.49,130.21,107.32,54.19,60.07
2015-11-23,99.94,132.5,106.95,54.19,60.26
2015-11-24,99.26,133.6,105.74,54.25,59.92
2015-11-25,99.09,134.65,105.41,53.69,60.24
2015-11-27,99.68,134.74,105.45,53.93,59.89
2015-11-30,99.38,133.88,104.24,54.35,58.84
2015-12-01,101.17,134.43,107.12,55.22,58.99
2015-12-02,99.46,133.81,106.07,55.21,58.35
2015-12-03,97.89,130.93,104.38,54.2,59.04
2015-12-04,97.55,134.53,106.18,55.91,59.66
2015-12-07,97.69,133.93,105.61,55.81,60.5
2015-12-08,96.88,133.84,106.49,55.79,59.61
2015-12-09,95.54,131.9,104.6,54.98,59.13
2015-12-10,95.07,132.54,105.42,55.27,59.56
2015-12-11,93.68,130.44,102.12,54.06,59.36
2015-12-14,94.04,132.01,104.66,55.14,60.39
2015-12-15,95.61,131.29,104.55,55.2,59.64
2015-12-16,97.5,132.9,106.79,56.13,60.3
2015-12-17,96.09,131.35,106.22,55.7,58.98
2015-12-18,94.6,130.29,104.04,54.13,58.85
2015-12-21,95.56,131.31,104.77,54.83,59.55
2015-12-22,96.42,131.88,105.51,55.35,60.54
2015-12-23,98.5,133.11,104.63,55.82,61.09
2015-12-24,98.14,132.9,105.02,55.67,60.83
2015-12-28,98.37,132.68,105.93,55.95,60.75
2015-12-29,99.41,133.7,107.26,56.55,61.61
2015-12-30,98.1,133.35,106.22,56.31,61.68
2015-12-31,96.95,132.25,104.66,55.48,61.3
2016-01-04,96.7,131.07,102.22,54.8,61.46
2016-01-05,98.61,130.43,102.73,55.05,62.92
2016-01-06,98.26,129.08,102.97,54.05,63.55
2016-01-07,95.81,125.4,97.92,52.17,65.03
2016-01-08,94.23,123.9,97.33,52.33,63.54
2016-01-11,94.48,125.78,97.51,52.3,64.22
2016-01-12,94.48,127.49,99.37,52.78,63.62
2016-01-13,92.15,121.4,95.44,51.64,61.92
2016-01-14,92.21,119.62,98.37,53.11,63.06
2016-01-15,88.39,119.23,94.97,50.99,61.93
2016-01-19,90.91,119.76,95.26,50.56,62.56
2016-01-20,89,116.46,94.35,50.79,60.84
2016-01-21,90.02,120.22,94.16,50.48,61.88
2016-01-22,93.25,122.76,97.94,52.29,62.69
2016-01-25,91.12,121.71,97.01,51.79,63.45
2016-01-26,92.47,122.2,97.34,52.17,64
2016-01-27,92.51,121.57,94.45,51.22,63.95
2016-01-28,92.51,122.28,109.11,52.06,64.22
2016-01-29,94.34,125.76,112.21,55.09,66.36
2016-02-01,93.1,126.51,115.09,54.71,67.5
2016-02-02,91.35,125.27,114.61,53,66.86
2016-02-03,90.49,123.79,112.69,52.16,66.27
2016-02-04,91.09,121.11,110.49,52,66.42
2016-02-05,88.84,116.43,104.07,50.16,67
2016-02-08,85.41,111.85,99.75,49.41,66.9
2016-02-09,85.57,113.86,99.54,49.28,65.81
2016-02-10,85.84,114.33,101,49.71,65.79
2016-02-11,83.66,113.27,101.91,49.69,65.32
2016-02-12,85.67,116.32,102.01,50.5,66.18
2016-02-16,86.45,119.43,101.61,51.09,65.9
2016-02-17,86.19,121.21,105.2,52.42,66.11
2016-02-18,87.5,119.97,103.47,52.19,64.12
2016-02-19,87.32,121.69,104.57,51.82,64.66
2016-02-22,89.24,122.85,107.16,52.65,65.63
2016-02-23,88.02,124.53,105.46,51.18,66.48
2016-02-24,89.03,125.61,106.88,51.36,67.12
2016-02-25,89.42,126.86,108.07,52.1,68.04
2016-02-26,90.01,126.26,107.92,51.3,66.51
2016-02-29,92.2,124.12,106.92,50.88,66.34
2016-03-01,94.7,125.7,109.82,52.58,66.46
2016-03-02,94.62,125.59,109.95,52.95,66.21
2016-03-03,95.3,126.8,109.58,52.35,66.14
2016-03-04,95.94,125.56,108.39,52.03,66.78
2016-03-07,95.6,126.17,105.73,51.03,67.89
2016-03-08,94.6,126.72,105.93,51.65,68.04
2016-03-09,94.6,126.03,107.51,52.84,67.53
2016-03-10,94.71,125.89,107.32,52.05,67.41
2016-03-11,98.46,128.46,109.41,53.07,67.17
2016-03-14,98.06,128.84,109.89,53.17,67.36
2016-03-15,98.41,129.71,110.67,53.59,68.09
2016-03-16,99.81,130.45,112.18,54.35,67.99
2016-03-17,101.75,130.88,111.02,54.66,67.45
2016-03-18,100.51,131.35,111.45,53.49,66.95
2016-03-21,100.34,131.01,111.85,53.86,67.97
2016-03-22,99.93,130.59,112.25,54.07,67.87
2016-03-23,99.58,130.22,112.54,53.97,67.46
2016-03-24,100.35,130.46,113.05,54.21,68
2016-03-28,100.24,131.08,113.69,53.54,68.12
2016-03-29,101.92,132.47,116.14,54.71,68.03
2016-03-30,102.31,133.42,114.7,55.05,68.8
2016-03-31,102.37,133.43,114.1,55.23,68.49
2016-04-01,104.5,134.85,116.06,55.57,69.06
2016-04-04,104.7,134.85,112.55,55.43,69.1
2016-04-05,104,134.58,112.22,54.56,68.64
2016-04-06,105.7,135.44,113.71,55.12,69.04
2016-04-07,105,133.87,113.64,54.46,68.22
2016-04-08,105.71,133.62,110.63,54.42,68.06
2016-04-11,106.01,133.01,108.99,54.31,67.4
2016-04-12,106.17,134.38,110.61,54.65,68.8
2016-04-13,106.23,133.84,110.51,55.35,69.15
2016-04-14,105.2,134.37,110.84,55.36,68.8
2016-04-15,105.78,135.01,109.64,55.65,69.06
2016-04-18,105.54,136.8,110.45,56.46,69.86
2016-04-19,105.5,135.44,112.29,56.39,69.77
2016-04-20,104.82,135.19,112.42,55.59,69.21
2016-04-21,102.57,134.6,113.44,55.78,68.47
2016-04-22,104.19,135.66,110.56,51.78,68.72
2016-04-25,104.18,135.65,110.1,52.11,69.47
2016-04-26,104.77,135.34,108.76,51.44,69.3
2016-04-27,104.49,135.75,108.89,50.94,69.42
2016-04-28,104.13,132.73,116.73,49.9,68.91
2016-04-29,104.88,133.89,117.58,49.87,66.87
2016-05-02,105.51,136.05,118.57,50.61,67.59
2016-05-03,104.16,134.54,117.43,49.78,67
2016-05-04,105.51,135.16,118.06,49.87,67.19
2016-05-05,106.31,134.67,117.81,49.94,67.21
2016-05-06,106.57,135.7,119.49,50.39,68.25
2016-05-09,106.65,136.24,119.24,50.07,68.95
2016-05-10,107.18,137.51,120.5,51.02,68.79
2016-05-11,105.73,134.3,119.52,51.05,66.41
2016-05-12,106.56,134.19,120.28,51.51,66.85
2016-05-13,105.7,133.13,119.81,51.08,64.94
2016-05-16,106.48,135.34,118.67,51.83,66.02
2016-05-17,105.36,132,117.35,50.51,65.1
2016-05-18,104.55,131.77,117.65,50.81,63.15
2016-05-19,103.77,131.73,116.81,50.32,69.2
2016-05-20,104.01,131.85,117.35,50.62,69.86
2016-05-23,104.16,131.42,115.97,50.03,69.5
2016-05-24,105.3,133.36,117.7,51.59,70.24
2016-05-25,106.17,133.2,117.89,52.12,70.48
2016-05-26,105.3,134.05,119.47,51.89,70.85
2016-05-27,106.06,133.94,119.38,52.32,70.75
2016-05-31,105.78,132.12,118.81,53,70.78
2016-06-01,105.47,131.83,118.78,52.85,70.5
2016-06-02,106.56,132.41,118.93,52.48,70.95
2016-06-03,106.97,131.74,118.47,51.79,70.87
2016-06-06,107.2,129.19,118.79,52.13,71.05
2016-06-07,107.87,129.92,117.76,52.1,71.03
2016-06-08,107.56,129.59,118.39,52.04,71.28
2016-06-09,109.07,129.3,118.56,51.62,71.09
2016-06-10,108.79,128.83,116.62,51.48,71.14
2016-06-13,108.93,127.83,113.95,50.14,70.53
2016-06-14,107.61,125.24,114.94,49.83,70.95
2016-06-15,107.23,126.53,114.6,49.69,71.12
2016-06-16,107.69,127.36,114.39,50.39,71.3
2016-06-17,106.94,127.14,113.02,50.13,70.95
2016-06-20,107.42,127.62,113.37,50.07,71.1
2016-06-21,109.44,127.74,114.38,51.19,71.46
2016-06-22,109.4,127.6,113.91,50.99,71.75
2016-06-23,111.47,128.29,115.08,51.91,72.1
2016-06-24,108.27,126.4,112.08,49.83,71.96
2016-06-27,108.89,124.67,108.97,48.43,71.5
2016-06-28,110.8,127.53,112.7,49.44,71.51
2016-06-29,113,127.37,114.16,50.54,72.46
2016-06-30,113.61,127.69,114.28,51.17,73.02
2016-07-01,113.6,129.62,114.19,51.16,72.81
2016-07-05,113.83,129.35,114,51.17,73.14
2016-07-06,112.4,131.57,116.7,51.38,73.82
2016-07-07,112.2,131.16,115.85,51.38,73.53
2016-07-08,113.66,134.34,117.24,52.3,73.84
2016-07-11,114.67,135.15,117.87,52.59,74.06
2016-07-12,116.1,134.84,117.93,53.21,73.27
2016-07-13,116.01,133.56,116.78,53.51,73.62
2016-07-14,117,134.54,117.29,53.74,73.7
2016-07-15,116.82,134.78,116.86,53.7,73.67
2016-07-18,116.3,136.34,119.37,53.96,73.84
2016-07-19,117.37,136.98,120.61,53.09,73.66
2016-07-20,117.73,137.41,121.92,55.91,73.79
2016-07-21,117.55,136.07,120.61,55.8,73.52
2016-07-22,117.84,136.52,121,56.57,73.55
2016-07-25,116.87,136.5,121.63,56.73,73.75
2016-07-26,116.97,136.75,121.22,56.76,73.73
2016-07-27,117.61,136.31,123.34,56.19,73.32
2016-07-28,116.65,137.96,125,56.21,73.24
2016-07-29,115.77,138.24,123.94,56.68,72.97
2016-08-01,117.04,138.77,124.31,56.58,73.78
2016-08-02,116.74,137.22,123.09,56.58,73.13
2016-08-03,115.73,137.06,122.51,56.97,72.94
2016-08-04,116.42,136.05,124.36,57.39,73.3
2016-08-05,116.58,136.91,125.15,57.96,73.76
2016-08-08,115.73,136.21,125.26,58.06,73.34
2016-08-09,115.92,136.11,125.06,58.2,73.54
2016-08-10,116.24,135.6,124.88,58.02,73.95
2016-08-11,115.89,137.04,124.9,58.3,73.8
2016-08-12,116.5,136.57,124.88,57.94,73.89
2016-08-15,115.79,137.06,123.9,58.12,73.32
2016-08-16,114.12,136.23,123.3,57.44,72.89
2016-08-17,114.56,136.15,124.37,57.56,72.93
2016-08-18,114.35,134.8,123.91,57.6,74.3
2016-08-19,113.61,135.46,123.56,57.62,72.81
2016-08-22,114.62,135.34,124.15,57.67,72.7
2016-08-23,115.22,136.22,124.37,57.89,71.97
2016-08-24,114.57,135.06,123.48,57.95,72.23
2016-08-25,114.25,135.43,123.89,58.17,71.22
2016-08-26,113.23,134.36,124.96,58.03,71.14
2016-08-29,113.84,135.24,126.54,58.1,71.4
2016-08-30,113.22,134.1,125.84,57.89,71.31
2016-08-31,113.38,134.12,126.12,57.46,71.44
2016-09-01,113.82,134.23,126.17,57.59,72.84
2016-09-02,115.09,135.15,126.51,57.67,72.5
2016-09-06,117.15,134.1,129.73,57.61,73
2016-09-07,116.83,132.79,131.05,57.66,72.06
2016-09-08,116.25,131.26,130.27,57.43,71.83
2016-09-09,110.19,127.74,127.1,56.21,70.3
2016-09-12,111.27,128.59,128.69,57.05,71.94
2016-09-13,108.11,125.72,127.21,56.53,71.46
2016-09-14,108.37,126.26,127.77,56.26,71.52
2016-09-15,109.08,126.96,128.35,57.19,72.4
2016-09-16,108,126.11,129.07,57.25,72.87
2016-09-19,109.2,126.29,128.65,56.93,72.09
2016-09-20,108.65,126.83,128.64,56.81,71.97
2016-09-21,110.1,128.11,129.94,57.76,72.19
2016-09-22,112.28,128.75,130.08,57.82,72.27
2016-09-23,112.99,127.79,127.96,57.43,72.35
2016-09-26,112.69,125.45,127.31,56.9,71.62
2016-09-27,112.58,126.82,128.69,57.95,72.33
2016-09-28,112.63,128.27,129.23,58.03,71.79
2016-09-29,113.48,127.93,128.09,57.4,70.73
2016-09-30,113.33,128.68,128.27,57.6,72.12
2016-10-03,112.25,128.5,128.77,57.42,72.01
2016-10-04,110.61,128.2,128.19,57.24,71.75
2016-10-05,107.44,127.58,128.47,57.64,71.67
2016-10-06,108.51,130.19,128.74,57.74,69.36
2016-10-07,108.51,128.31,128.99,57.8,68.7
2016-10-10,109.43,127.25,130.24,58.04,67.98
2016-10-11,108.94,125.85,128.88,57.19,67.39
2016-10-12,111.54,126.69,129.05,57.11,67.46
2016-10-13,112.7,126.29,127.82,56.92,68.23
2016-10-14,113.35,126.42,127.88,57.42,68.45
2016-10-17,113.34,125.14,127.54,57.22,68.22
2016-10-18,114.15,125.74,128.57,57.66,68.87
2016-10-19,115.32,125.89,130.11,57.53,68.89
2016-10-20,114.83,126.25,130,57.25,68.73
2016-10-21,115.71,126.6,132.07,59.66,68.34
2016-10-24,116.75,127.78,133.28,61,69.19
2016-10-25,116.75,123.34,132.29,60.99,69.36
2016-10-26,115.67,122.71,131.04,60.63,69.59
2016-10-27,115.4,122.26,129.69,60.1,69.83
2016-10-28,116.13,123.58,131.29,59.87,69.99
2016-10-31,117.19,122.01,130.99,59.92,70.02
2016-11-01,115.15,119.89,129.5,59.8,69.3
2016-11-02,112.91,120.29,127.17,59.43,69.45
2016-11-03,113.27,120.18,120,59.21,69.63
2016-11-04,112.98,120.91,120.75,58.71,69.16
2016-11-07,115.19,123.75,122.15,60.42,69.78
2016-11-08,115.93,124.25,124.22,60.47,69.79
2016-11-09,109.22,126.02,123.18,60.17,71.1
2016-11-10,105.71,129.03,120.8,58.7,71.39
2016-11-11,105.71,129.85,119.02,59.02,71.23
2016-11-14,102.57,127.67,115.08,58.12,70.49
2016-11-15,103.49,124.4,117.2,58.87,71.42
2016-11-16,105.43,125.33,116.34,59.65,71.39
2016-11-17,105.54,128.93,117.79,60.64,69.19
2016-11-18,105.09,128.33,117.02,60.35,68.54
2016-11-21,105.91,128.22,121.77,60.86,69.37
2016-11-22,107.98,130.98,121.47,61.12,70.12
2016-11-23,106.78,131.21,120.84,60.4,70.83
2016-11-25,107.3,131.57,120.38,60.53,71.23
2016-11-28,106.11,130.64,120.41,60.61,71.19
2016-11-29,106.05,129.62,120.87,61.09,71.37
2016-11-30,102.27,129.4,118.42,60.26,70.43
2016-12-01,100.98,129.47,115.1,59.2,70.67
2016-12-02,102.57,129.87,115.4,59.25,70.88
2016-12-05,102.04,129.68,117.43,60.22,69.94
2016-12-06,100.85,128.74,117.31,59.95,70.36
2016-12-07,102.2,132.46,117.95,61.37,70.6
2016-12-08,102.39,132.53,118.91,61.01,70.34
2016-12-09,102.91,133.39,119.68,61.97,70.08
2016-12-12,103.89,134.58,117.77,62.17,71.67
2016-12-13,106.13,136.54,120.31,62.98,71.8
2016-12-14,106.5,135.98,120.21,62.68,71.34
2016-12-15,106.06,135.84,120.57,62.58,71.08
2016-12-16,105.8,135.11,119.87,62.3,70.98
2016-12-19,106.95,135.44,119.24,63.62,71.58
2016-12-20,106.98,137.11,119.09,63.54,71.82
2016-12-21,106.6,136.83,119.04,63.54,71.24
2016-12-22,106.6,135.43,117.4,63.55,69.59
2016-12-23,106.03,135.05,117.27,63.24,69.54
2016-12-27,106.29,135.26,118.01,63.28,69.7
2016-12-28,105.84,135.07,116.92,62.99,69.31
2016-12-29,106.39,135.1,116.35,62.9,69.26
2016-12-30,105.68,134.08,115.05,62.14,69.12
2017-01-03,106.15,134.31,116.86,62.58,68.66
2017-01-04,106.34,135.5,118.69,62.3,69.06
2017-01-05,105.97,133.9,120.67,62.3,69.21
2017-01-06,105.27,133.53,123.41,62.84,68.26
2017-01-09,105.02,134.31,124.9,62.64,68.71
2017-01-10,103.5,136.1,124.35,62.62,68.23
2017-01-11,103.83,135.7,126.09,63.19,68.53
2017-01-12,104.2,135.07,126.62,62.61,67.97
2017-01-13,103.45,135.04,128.34,62.7,67.13
2017-01-17,105.17,135.93,127.87,62.53,68.42
2017-01-18,105.67,136.16,127.92,62.5,68.11
2017-01-19,104.44,135.39,127.55,62.3,67.62
2017-01-20,104.2,135.6,127.04,62.74,67.18
2017-01-23,104.78,138.07,128.93,62.96,66.65
2017-01-24,104.57,138.06,129.37,63.52,67.4
2017-01-25,103.92,137.48,131.48,63.68,66.89
2017-01-26,104.3,138.46,132.78,64.27,66.73
2017-01-27,103.82,138.33,132.18,65.78,65.66
2017-01-30,103.01,138.47,130.98,65.13,66.42
2017-01-31,103.5,137.58,130.32,64.65,66.74
2017-02-01,103.28,137.44,133.23,63.58,66.23
2017-02-02,104.11,136.95,130.84,63.17,66.7
2017-02-03,105.25,137.98,130.98,63.68,66.5
2017-02-06,103.64,136.49,132.06,63.64,66.4
2017-02-07,103.47,136.65,131.84,63.43,66.89
2017-02-08,104.3,137.88,134.2,63.34,67.81
2017-02-09,105.78,138.71,134.14,64.06,69.08
2017-02-10,105.49,139.85,134.19,64,68.02
2017-02-13,107.55,139.87,134.05,64.72,67.77
2017-02-14,106.78,141.36,133.85,64.57,68.66
2017-02-15,107.11,142.19,133.44,64.53,68.69
2017-02-16,107.71,141.54,133.84,64.52,68.87
2017-02-17,108.11,143,133.53,64.62,69.37
2017-02-21,111.18,145.02,133.72,64.49,71.45
2017-02-22,111.02,145.25,136.12,64.36,71.71
2017-02-23,112.2,144.71,135.36,64.62,71.31
2017-02-24,112.89,145.95,135.44,64.62,72.39
2017-02-27,113.34,145.3,136.41,64.23,71.74
2017-02-28,114.79,144.91,135.54,63.98,70.93
2017-03-01,113.84,146.68,137.42,64.94,70.45
2017-03-02,114.81,147.95,136.76,64.01,70.76
2017-03-03,115.67,147.81,137.17,64.25,70.03
2017-03-06,114.71,147.13,137.42,64.27,69.88
2017-03-07,114.7,146.02,137.3,64.4,69.87
2017-03-08,113.24,146.92,137.72,64.99,69.8
2017-03-09,113,146.62,138.24,64.73,69.86
2017-03-10,113.58,146.85,138.79,64.93,70.1
2017-03-13,114.26,147.43,139.6,64.71,69.95
2017-03-14,114.02,147.16,139.32,64.41,70.72
2017-03-15,115.28,147.95,139.72,64.75,70.58
2017-03-16,115.09,148.73,139.99,64.64,70.44
2017-03-17,116.01,149.6,139.84,64.87,69.89
2017-03-20,115.98,147.8,139.94,64.93,69.98
2017-03-21,116.74,146.61,138.51,64.21,69.9
2017-03-22,118.31,147.36,139.59,65.03,70.25
2017-03-23,118.95,147.99,139.53,64.87,69.86
2017-03-24,119.32,147.71,140.34,64.98,69.61
2017-03-27,120.01,146.87,140.32,65.1,69.66
2017-03-28,120.39,147.2,141.76,65.29,70.32
2017-03-29,121.04,147.04,142.65,65.47,70.74
2017-03-30,120.91,146.95,142.41,65.71,71.59
2017-03-31,121.54,146.83,142.05,65.86,72.08
2017-04-03,121.15,146.62,142.28,65.55,71.83
2017-04-04,120.74,146.34,141.73,65.73,72.01
2017-04-05,120.64,146.64,141.85,65.56,71.65
2017-04-06,121.95,147.24,141.17,65.73,71.43
2017-04-07,122.12,147.13,140.78,65.68,72.9
2017-04-10,122.48,148.21,141.04,65.53,73.06
2017-04-11,122.76,148.2,139.92,65.48,73.43
2017-04-12,122.37,146.54,139.58,65.23,73.44
2017-04-13,122.6,145.91,139.39,64.95,73.15
2017-04-17,124.25,147.31,141.42,65.48,73.49
2017-04-18,124.86,147.76,140.96,65.39,73.89
2017-04-19,124.67,147.22,142.27,65.04,74.07
2017-04-20,124.3,148.72,143.8,65.5,74.8
2017-04-21,124.43,150,143.68,66.4,74.94
2017-04-24,123.85,151.89,145.47,67.53,74.78
2017-04-25,123.94,153.03,146.49,67.92,75.05
2017-04-26,122.81,154.22,146.56,67.83,75.43
2017-04-27,125.77,156.12,147.7,68.27,75.44
2017-04-28,125.94,156.1,150.25,68.46,75.18
2017-05-01,127.51,154.21,152.46,69.41,75.23
2017-05-02,127.91,154.95,152.78,69.3,75.52
2017-05-03,126.79,155,151.8,69.08,75.76
2017-05-04,127.39,154.86,150.85,68.81,76.34
2017-05-05,128.69,155.73,150.24,69,76.5
2017-05-08,128.87,156.89,151.06,68.94,76.12
2017-05-09,128.09,157.68,150.48,69.04,76.72
2017-05-10,127.1,158.13,150.29,69.31,76.7
2017-05-11,126.28,156.2,150.04,68.46,76.13
2017-05-12,126.12,156.92,150.33,68.38,75.71
2017-05-15,127.93,157.33,150.19,68.43,76.29
2017-05-16,128.37,158.26,149.78,69.41,75.11
2017-05-17,130.74,156.09,144.85,67.48,75.12
2017-05-18,127.98,155.7,147.66,67.71,77.54
2017-05-19,128.32,156.3,148.06,67.69,78.77
2017-05-22,128.73,155.96,148.24,68.45,78.55
2017-05-23,128.73,154.83,148.07,68.68,78.49
2017-05-24,129.3,155,150.04,68.77,78.15
2017-05-25,131.05,156.46,151.96,69.62,78.31
2017-05-26,131.11,154.9,152.13,69.96,78.13
2017-05-30,132.12,153.88,152.38,70.41,78.15
2017-05-31,131.19,153.51,151.46,69.84,78.6
2017-06-01,131.83,155.15,151.53,70.1,79.81
2017-06-02,132.49,155.35,153.61,71.76,79.62
2017-06-05,131.61,154.79,153.63,72.28,80.26
2017-06-06,131.7,154.2,152.81,72.52,78.93
2017-06-07,131.82,154.96,153.12,72.39,79.15
2017-06-08,130.97,153.5,154.71,71.95,78.93
2017-06-09,130.28,152.96,149.6,70.32,79.42
2017-06-12,129.18,152.18,148.44,69.78,79.24
2017-06-13,130.19,153.99,150.68,70.65,79.52
2017-06-14,130.5,156.76,150.25,70.27,79.9
2017-06-15,130.87,156.77,149.8,69.9,78.91
2017-06-16,131.95,156.64,150.64,70,75.24
2017-06-19,132.33,158.81,152.87,70.87,75.5
2017-06-20,131.2,157.67,152.25,69.91,75.54
2017-06-21,130.61,156.59,153.91,70.27,76.24
2017-06-22,130.87,155.48,153.4,70.26,75.52
2017-06-23,131.88,151.31,155.07,71.21,74.84
2017-06-26,132.46,151.42,153.59,70.53,75.5
2017-06-27,135.75,152.24,150.58,69.21,76.01
2017-06-28,134.53,153.23,153.24,69.8,76.51
2017-06-29,132.82,152.16,151.04,68.49,75.93
2017-06-30,132.32,153.4,150.98,68.93,75.68
2017-07-03,131.41,154.01,148.43,68.17,75.36
2017-07-05,132.25,152.69,150.34,69.08,75.32
2017-07-06,131.54,152.05,148.82,68.57,75.47
2017-07-07,133.14,152.23,151.44,69.46,75.33
2017-07-10,131.21,151.18,153.5,69.98,73.23
2017-07-11,130.93,150.6,155.27,69.99,73.47
2017-07-12,133.88,152.59,158.9,71.15,73.94
2017-07-13,134.14,153.29,159.26,71.77,75.05
2017-07-14,136.04,152.88,159.97,72.78,76.34
2017-07-17,135.4,153.89,159.73,73.35,76.37
2017-07-18,136.18,152.17,162.86,73.3,76.2
2017-07-19,135.42,153.3,164.14,73.86,75.87
2017-07-20,136.24,147.03,164.53,74.22,76.02
2017-07-21,136.9,146.65,164.43,73.79,76.15
2017-07-24,137.07,144.58,166,73.6,76.89
2017-07-25,136.62,146.97,165.28,74.19,78.52
2017-07-26,137.87,146.69,165.61,74.05,78.9
2017-07-27,134.86,147.73,170.44,73.16,79.78
2017-07-28,138.34,148.08,172.45,73.04,79.81
2017-07-31,136.33,149.6,169.25,72.7,79.99
2017-08-01,135.97,149.85,169.86,72.58,80.5
2017-08-02,137.97,150.5,169.3,72.26,80.53
2017-08-03,137.15,150.79,168.59,72.15,80.87
2017-08-04,137.57,152.75,169.62,72.68,80.48
2017-08-07,138.07,153.35,171.98,72.4,81.28
2017-08-08,136.63,153.35,171.23,72.79,81.59
2017-08-09,137.85,155.26,171.18,72.47,81.61
2017-08-10,136.83,153.88,167.4,71.41,80.66
2017-08-11,136.68,154.88,168.08,72.5,80.4
2017-08-14,139.97,154.26,170.75,73.59,80.7
2017-08-15,139.69,150.17,171,73.22,80.77
2017-08-16,141.09,152.25,170,73.65,80.98
2017-08-17,139.65,149.67,166.91,72.4,79.7
2017-08-18,140,147.49,167.41,72.49,79.31
2017-08-21,141.28,149.2,167.78,72.15,79.71
2017-08-22,142.09,149.91,169.64,73.16,80.02
2017-08-23,142.84,149.1,168.71,72.72,79.96
2017-08-24,143.8,148.25,167.74,72.69,78.34
2017-08-25,144.24,149.65,166.32,72.82,78.63
2017-08-28,145.78,151.39,167.24,72.83,78.03
2017-08-29,145.89,149.84,168.05,73.05,78.77
2017-08-30,147.52,150,169.92,74.01,78.54
2017-08-31,148.05,149.87,171.97,74.77,78.07
2017-09-01,145.77,150.78,172.02,73.94,78.37
2017-09-05,146.94,152.93,170.72,73.61,79.8
2017-09-06,146.07,156.56,172.09,73.4,80.08
2017-09-07,146.99,157.93,173.21,74.34,80.12
2017-09-08,144.99,159.66,170.95,73.98,78.88
2017-09-11,146.18,158.37,173.51,74.76,79.08
2017-09-12,144.83,159.91,172.96,74.68,79.61
2017-09-13,143.7,160.02,173.05,75.21,79.86
2017-09-14,142.85,159.38,170.96,74.77,79.68
2017-09-15,145.01,158.4,171.64,75.31,80.38
2017-09-18,144.77,157.81,170.01,75.16,80
2017-09-19,140.98,157.66,172.52,75.44,80.05
2017-09-20,140.4,158.68,172.17,74.94,80.5
2017-09-21,139.4,159.19,171.11,74.21,80.01
2017-09-22,137.78,159.97,170.54,74.41,79.53
2017-09-25,137.39,161.1,162.87,73.26,79.15
2017-09-26,136.42,161.26,164.21,73.26,79.39
2017-09-27,134.74,160.92,167.68,73.85,79.29
2017-09-28,136.1,162.36,168.73,73.87,78.95
2017-09-29,136.68,163.56,170.87,74.49,78.14
2017-10-02,135.86,164.02,169.47,74.61,78.45
2017-10-03,136.66,165.17,169.96,74.26,79.22
2017-10-04,138.84,165.29,168.42,74.69,79.09
2017-10-05,139.25,166.12,171.24,75.97,79.41
2017-10-06,139.11,165.85,172.23,76,79
2017-10-09,137.94,165.71,172.5,76.29,80.53
2017-10-10,137.09,165.16,171.59,76.29,84.13
2017-10-11,137.93,165.25,172.74,76.42,85.73
2017-10-12,140.03,164.59,172.55,77.12,86.1
2017-10-13,139.97,164.47,173.74,77.49,86.62
2017-10-16,139.59,164.22,174.52,77.65,85.74
2017-10-17,139.13,163.35,176.11,77.59,85.98
2017-10-18,137.48,163.45,176.03,77.61,86.22
2017-10-19,138.39,163.24,174.56,77.91,86.4
2017-10-20,139.07,163.43,174.98,78.81,87.44
2017-10-23,138.75,164.74,171.27,78.83,88.65
2017-10-24,138.03,166.03,171.8,78.86,87.98
2017-10-25,137.33,166.07,170.6,78.63,88.48
2017-10-26,138.45,167.65,170.63,78.76,88.62
2017-10-27,139.03,167.34,177.88,83.81,88.17
2017-10-30,142.87,165.31,179.87,83.89,86.95
2017-10-31,143.67,165.78,180.06,83.18,87.31
2017-11-01,140.81,165.38,182.66,83.18,87.94
2017-11-02,142.44,162.71,178.92,84.05,88.8
2017-11-03,142.1,164.39,178.92,84.14,89.68
2017-11-06,150.16,164.22,180.17,84.47,88.7
2017-11-07,150.66,163.66,180.25,84.27,88.95
2017-11-08,152.72,164.05,179.56,84.56,90.26
2017-11-09,151.82,163.27,179.3,84.09,90.3
2017-11-10,150.54,164.11,178.46,83.87,90.92
2017-11-13,150.04,165.35,178.77,83.93,90.99
2017-11-14,149.49,168.06,178.07,84.05,91.09
2017-11-15,148.93,165.47,177.95,82.98,89.83
2017-11-16,148.4,167.5,179.59,83.2,99.62
2017-11-17,145.87,167.74,179,82.4,97.47
2017-11-20,146.22,170.45,178.74,82.53,97.48
2017-11-21,146.59,172.86,181.86,83.72,96.52
2017-11-22,145.31,172.06,180.87,83.11,96.41
2017-11-24,147.3,172.33,182.78,83.26,96.62
2017-11-27,148.23,174.16,183.03,83.87,96.62
2017-11-28,148.64,176.57,182.42,84.88,96.77
2017-11-29,146.3,177.25,175.13,83.34,97.56
2017-11-30,143.93,179.82,177.18,84.17,97.23
2017-12-01,143.61,180.42,175.1,84.26,97.35
2017-12-04,138.97,184.9,171.47,81.08,97.01
2017-12-05,140.76,182.85,172.83,81.59,97.83
2017-12-06,141.8,180.8,176.06,82.78,97.28
2017-12-07,144.11,182,180.14,82.49,96.78
2017-12-08,142.47,183.41,179,84.16,96.55
2017-12-11,144.05,182.25,179.04,85.23,96.93
2017-12-12,143.51,181.8,176.96,85.58,96.7
2017-12-13,143.73,183.03,178.3,85.35,97.76
2017-12-14,143.64,182.13,178.39,84.69,97.13
2017-12-15,142.76,182.58,180.18,86.85,97.11
2017-12-18,142.84,184.73,180.82,86.38,97.9
2017-12-19,141.86,185.98,179.51,85.83,98.8
2017-12-20,140.19,187.31,177.89,85.52,98.75
2017-12-21,139.61,188.08,177.45,85.5,98.06
2017-12-22,140.66,188.13,177.2,85.51,98.21
2017-12-26,140.91,190.36,175.99,85.4,99.16
2017-12-27,141.56,190.19,177.62,85.71,99.26
2017-12-28,142.91,189.78,177.92,85.72,99.4
2017-12-29,142.67,189.53,176.46,85.54,98.75
2018-01-02,141.13,188.03,181.42,85.95,98.59
2018-01-03,141.68,189.01,184.67,86.35,99.45
2018-01-04,139.61,190.51,184.33,87.11,99.54
2018-01-05,140.51,192.5,186.85,88.19,100.13
2018-01-08,142.01,192.04,188.28,88.28,101.61
2018-01-09,141.05,193.1,187.87,88.22,100.39
2018-01-10,137.61,191.8,187.84,87.82,99.67
2018-01-11,134.97,194.68,187.77,88.08,100.02
2018-01-12,133,196.42,179.37,89.6,100.87
2018-01-16,135.63,196.31,178.39,88.35,100.69
2018-01-17,136.64,199.82,177.6,90.14,102.7
2018-01-18,135.19,198.33,179.8,90.1,104.3
2018-01-19,137.62,201.33,181.29,90,104.59
2018-01-22,139.24,204.46,185.37,91.61,105.45
2018-01-23,141.2,204.9,189.35,91.9,105.9
2018-01-24,141.76,206.22,186.55,91.82,105.79
2018-01-25,142.96,205.37,187.48,92.33,106.6
2018-01-26,145.13,207.23,190,94.06,108.39
2018-01-29,144.33,204.92,185.98,93.92,109.55
2018-01-30,145.15,201.81,187.12,92.74,107.73
2018-01-31,147.7,200.9,186.89,95.01,106.6
2018-02-01,147.06,199.9,193.09,94.26,105.52
2018-02-02,145.22,193.97,190.28,91.78,104.48
2018-02-05,142.04,183.11,181.26,88,100.09
2018-02-06,140.17,191.04,185.31,91.33,100.9
2018-02-07,140,191.29,180.18,89.61,102.85
2018-02-08,133.57,181.22,171.58,85.01,100.02
2018-02-09,136.05,184.12,176.11,88.18,99.37
2018-02-12,136.23,184.06,176.41,89.13,99.55
2018-02-13,136.31,183.72,173.15,89.83,100.98
2018-02-14,135.48,184.69,179.52,90.81,101.7
2018-02-15,136.22,185.27,179.96,92.66,103.23
2018-02-16,140.02,186.97,177.36,92,104.78
2018-02-20,139.24,186.71,176.01,92.72,94.11
2018-02-21,137.44,183.06,177.91,91.49,91.52
2018-02-22,138.98,185.47,178.99,91.73,92.77
2018-02-23,141.87,188.35,183.29,94.06,92.89
2018-02-26,142.74,188.46,184.93,95.42,93.12
2018-02-27,140.7,184.98,181.46,94.2,91.52
2018-02-28,139.33,182.27,178.32,93.77,90.01
2018-03-01,135.37,179.64,175.94,92.85,89.08
2018-03-02,134,178.46,176.62,93.05,88.77
2018-03-05,136.81,181.74,180.4,93.64,89.98
2018-03-06,138.88,181.64,179.78,93.32,89.06
2018-03-07,140,178.58,183.71,93.86,87.74
2018-03-08,142.74,177.94,182.34,94.43,87.92
2018-03-09,143.58,182.16,185.23,96.54,88.72
2018-03-12,145.08,179.71,184.76,96.77,88.07
2018-03-13,146.25,178.35,181.88,94.41,88.3
2018-03-14,146.46,177.41,184.19,93.85,87.67
2018-03-15,146.65,178.07,183.86,94.18,87.51
2018-03-16,146.55,178.96,185.09,94.6,89.17
2018-03-19,145.12,177.1,172.56,92.89,87.45
2018-03-20,146.31,178.16,168.15,93.13,87.95
2018-03-21,142.33,178.02,169.39,92.48,88.18
2018-03-22,143.01,175.29,164.89,89.79,87.14
2018-03-23,142.27,171.8,159.39,87.18,85.42
2018-03-26,145.21,176.38,160.06,93.78,87.5
2018-03-27,144.46,174.68,152.22,89.47,86.05
2018-03-28,144.3,174.76,153.03,89.39,87.77
2018-03-29,145.34,178.24,159.79,91.27,88.97
2018-04-02,143.83,172.9,155.39,88.52,85.55
2018-04-03,141.42,173.76,156.11,89.71,86.8
2018-04-04,143.05,177.44,155.1,92.33,87.22
2018-04-05,144.08,179.13,159.34,92.38,87.81
2018-04-06,142.16,174.45,157.2,90.23,86.69
2018-04-09,143.19,172.51,157.93,90.77,86.28
2018-04-10,137.4,173.49,165.04,92.88,86.45
2018-04-11,139.92,172.86,166.32,91.86,85.91
2018-04-12,138.38,173.36,163.87,93.58,85.43
2018-04-13,138.9,172.8,164.52,93.08,86.02
2018-04-16,138.52,174.43,164.83,94.17,86.84
2018-04-17,141.02,174.91,168.66,96.07,87.9
2018-04-18,139.81,179.85,166.36,96.44,87.57
2018-04-19,137.42,177.08,168.1,96.11,87.89
2018-04-20,136.62,177.01,166.28,95,86.98
2018-04-23,138.2,177.66,165.84,95.35,86.1
2018-04-24,136.96,176.26,159.69,93.12,86.53
2018-04-25,135.73,177.39,159.69,92.31,87.17
2018-04-26,136.84,185.72,174.16,94.26,87.94
2018-04-27,135.24,186.46,173.59,95.82,87.29
2018-04-30,136.36,184.8,172,93.52,88.46
2018-05-01,135.1,184.63,173.86,95,87.41
2018-05-02,136.47,185.91,176.07,93.51,86.34
2018-05-03,137.58,183.19,174.02,94.07,86.23
2018-05-04,138.85,185.03,176.61,95.16,87.53
2018-05-07,138.14,183.56,177.97,96.22,85.47
2018-05-08,137.01,185.04,178.92,95.81,85.74
2018-05-09,137.95,186.36,182.66,96.94,83.06
2018-05-10,139.89,187.16,185.53,97.91,82.69
2018-05-11,138.86,190.31,186.99,97.7,83.38
2018-05-14,138.29,191.08,186.64,98.03,84.39
2018-05-15,136.7,187.98,184.32,97.32,84.52
2018-05-16,136.47,186.38,183.2,97.15,86.13
2018-05-17,136.85,185.33,183.76,96.18,84.49
2018-05-18,137.05,187.42,182.68,96.36,83.64
2018-05-21,137.38,189.79,184.49,97.6,84.51
2018-05-22,137.15,186.87,183.8,97.5,83.37
2018-05-23,136.83,186.67,186.9,98.66,83.01
2018-05-24,135.5,187.15,185.93,98.31,82.85
2018-05-25,136.33,186.85,184.92,98.36,82.46
2018-05-29,135.97,185,185.74,98.01,82.4
2018-05-30,137.83,187.09,187.67,98.95,84.12
2018-05-31,138.37,187.09,191.78,98.84,82.54
2018-06-01,138.52,187.35,193.99,100.79,82.99
2018-06-04,140.06,191.36,193.28,101.67,85.42
2018-06-05,138.91,191.94,192.94,102.19,84.62
2018-06-06,139.04,193.59,191.34,102.49,84.56
2018-06-07,138.18,196.17,188.18,100.88,84.95
2018-06-08,138.58,198.33,189.1,101.63,84.36
2018-06-11,139.64,199.64,191.54,101.05,84.3
2018-06-12,141.14,201.31,192.4,101.31,84.1
2018-06-13,136.46,200.31,192.41,100.85,84.09
2018-06-14,138.35,199.67,196.81,101.42,83.79
2018-06-15,138.56,200.54,195.85,100.13,83.7
2018-06-18,138.23,200.69,198.31,100.86,83
2018-06-19,139.08,199.21,197.49,100.86,83.61
2018-06-20,140.54,199.08,202,101.87,83.61
2018-06-21,141.68,200.31,201.5,101.14,84.21
2018-06-22,142.82,197.41,201.74,100.41,84.82
2018-06-25,142.15,196.38,196.35,98.39,86.47
2018-06-26,143.17,196.36,199,99.08,85.98
2018-06-27,143.35,195.02,195.84,97.54,86.89
2018-06-28,144.26,195.21,196.23,98.63,85.86
2018-06-29,144.17,195.1,194.32,98.61,85.65
2018-07-02,144.67,194.02,197.36,100.01,84
2018-07-03,143.03,193.62,192.73,99.05,84.44
2018-07-05,145.67,194.41,198.45,99.76,84.57
2018-07-06,145.81,194.48,203.23,101.16,84.51
2018-07-09,142.18,196.08,204.74,101.85,85.93
2018-07-10,143.54,197.61,203.54,102.12,87.21
2018-07-11,143.41,196.95,202.54,101.98,86.53
2018-07-12,143.76,197.95,206.92,104.19,86.52
2018-07-13,143.23,198.69,207.32,105.43,87.7
2018-07-16,141.76,198.88,207.23,104.91,87.64
2018-07-17,142.17,201.1,209.99,105.95,88.19
2018-07-18,141.38,200.97,209.36,105.12,88.07
2018-07-19,141.67,202.63,208.09,104.4,87.72
2018-07-20,140.38,202.45,209.94,106.27,88.06
2018-07-23,140.84,202.23,210.91,107.97,87.63
2018-07-24,141.57,201.99,214.67,107.66,87.96
2018-07-25,142.94,201,217.5,110.83,87.9
2018-07-26,144.51,199.4,176.26,109.62,88.23
2018-07-27,144.38,197.14,174.89,107.68,88.13
2018-07-30,142.72,197.28,171.06,105.37,88.88
2018-07-31,148.24,197.52,172.58,106.08,89.23
2018-08-01,150.17,196.3,171.65,106.28,88.24
2018-08-02,148.21,195.66,176.37,107.57,88.76
2018-08-03,150.99,195.64,177.78,108.04,89.6
2018-08-06,150.91,195.69,185.69,108.13,89.67
2018-08-07,150.03,197.05,183.81,108.88,89.77
2018-08-08,149.32,198.02,185.18,109.49,90.05
2018-08-09,150.57,198.08,183.09,109.67,89.01
2018-08-10,149.18,196.3,180.26,109,90.18
2018-08-13,149.01,194.14,180.05,108.21,89.64
2018-08-14,149.11,193.1,181.11,109.56,90.85
2018-08-15,149.54,193.99,179.53,107.66,90.22
2018-08-16,149.72,195.39,174.7,107.64,98.64
2018-08-17,151.17,195.56,173.8,107.58,97.85
2018-08-20,150.79,197.93,172.5,106.87,96
2018-08-21,149.28,200.23,172.62,105.98,96.08
2018-08-22,148.11,198.97,173.64,107.06,95.67
2018-08-23,147.38,200.16,172.9,107.56,95.18
2018-08-24,148.06,201.3,174.65,108.4,94.95
2018-08-27,148.37,201.98,177.46,109.6,94.54
2018-08-28,150.1,201.97,176.26,110.26,96.07
2018-08-29,150.45,201.68,175.9,112.02,95.64
2018-08-30,148.94,199.26,177.64,111.95,96.1
2018-08-31,149.12,200.77,175.73,112.33,95.86
2018-09-04,148.15,205.08,171.16,111.71,95.36
2018-09-05,147.6,204.15,167.18,108.49,96.62
2018-09-06,148.09,205.89,162.53,108.74,96.45
2018-09-07,146.55,206.23,163.04,108.21,95.83
2018-09-10,147.33,210.69,164.18,109.38,96.9
2018-09-11,147,213.85,165.94,111.24,96.64
2018-09-12,147.31,211.98,162,111.71,95.97
2018-09-13,148.72,209.45,161.36,112.91,95.12
2018-09-14,147.19,209.07,162.32,113.37,94.59
2018-09-17,147.75,208.4,160.58,112.14,94.82
2018-09-18,147.41,211.02,160.3,113.21,95.43
2018-09-19,147.58,211.68,163.06,111.7,95.24
2018-09-20,148.73,211.06,166.02,113.57,95.75
2018-09-21,148.49,212.39,162.93,114.26,95.9
2018-09-24,146.38,207.99,165.41,114.67,94.92
2018-09-25,145.7,207.46,164.91,114.45,95.1
2018-09-26,143.95,207.52,166.95,113.98,94.59
2018-09-27,143.39,206.84,168.84,114.41,94.13
2018-09-28,145.3,207.15,164.46,114.37,93.91
2018-10-01,144.03,207.6,162.44,115.61,94.4
2018-10-02,144.13,204.75,159.33,115.15,95.15
2018-10-03,143.91,203.74,162.43,115.17,94.07
2018-10-04,144.44,198.85,158.85,112.79,94.21
2018-10-05,144.75,196.38,157.33,112.13,93.31
2018-10-08,145.79,198.41,157.25,110.85,94.69
2018-10-09,147.65,195.75,157.9,112.26,97.08
2018-10-10,145.5,193.7,151.38,106.16,95.76
2018-10-11,140.68,189.74,153.35,105.91,93.92
2018-10-12,142.05,192.47,153.74,109.57,94.81
2018-10-15,142.73,191.17,153.52,107.6,93.82
2018-10-16,145.69,193.58,158.78,111,95.81
2018-10-17,146.68,185.17,159.42,110.71,96.56
2018-10-18,146.79,180.44,154.92,108.5,96.17
2018-10-19,150.15,179.85,154.05,108.66,97.15
2018-10-22,149.25,178.75,154.78,109.63,97.14
2018-10-23,150.85,178.53,154.39,108.1,97.8
2018-10-24,151.97,176.97,146.04,102.32,97.56
2018-10-25,153.51,179.07,150.95,108.3,99.18
2018-10-26,149.61,172.23,145.37,106.96,98.94
2018-10-29,152.82,173.2,142.09,103.85,99.8
2018-10-30,160.95,176.24,146.22,103.73,102.42
2018-10-31,155.81,175.88,151.79,106.81,100.28
2018-11-01,153.02,180.46,151.75,105.92,100.58
2018-11-02,152.06,179.93,150.35,106.16,101.34
2018-11-05,155.7,182.19,148.68,107.51,102.91
2018-11-06,156.16,182.01,149.94,107.72,103.33
2018-11-07,156.95,187.23,151.53,111.96,104.32
2018-11-08,159.36,188,147.87,111.75,104.88
2018-11-09,160.14,185.99,144.96,109.57,105.56
2018-11-12,161.03,179.43,141.55,106.87,103.87
2018-11-13,161.31,179,142.16,106.94,102.94
2018-11-14,163.41,179.9,144.22,104.97,101.53
2018-11-15,162.13,177.36,143.85,107.28,99.54
2018-11-16,163.98,177.02,139.53,108.29,97.69
2018-11-19,166.23,173.59,131.55,104.62,96.78
2018-11-20,160.64,169.05,132.43,101.71,94.16
2018-11-21,160.31,169.3,134.82,103.11,94.17
2018-11-23,160.39,168.85,131.73,103.07,95.1
2018-11-26,161.59,169.82,136.38,106.47,95.15
2018-11-27,162.08,173.22,135,107.14,95.04
2018-11-28,162,177.43,136.76,111.12,97.46
2018-11-29,162.72,175.66,138.68,110.19,97.29
2018-11-30,164.49,180.32,140.61,110.89,97.65
2018-12-03,163.08,181.74,141.09,112.09,98.75
2018-12-04,163.48,175.3,137.93,108.52,95.81
2018-12-06,167.63,175.96,139.63,109.19,94.77
2018-12-07,166.43,172.79,137.42,104.82,93.19
2018-12-10,166.19,171.69,141.85,107.59,93.94
2018-12-11,166.64,172.21,142.08,108.59,93.85
2018-12-12,164.65,174.21,144.5,109.08,93.11
2018-12-13,166.8,173.87,145.01,109.45,92.96
2018-12-14,166.6,172.29,144.06,106.03,91.85
2018-12-17,160.94,167.97,140.19,102.89,90.77
2018-12-18,162.31,170.04,143.66,103.97,91.08
2018-12-19,162.54,167.56,133.24,103.69,90.55
2018-12-20,161.54,164.16,133.4,101.51,87.28
2018-12-21,158,160.48,124.95,98.23,87.13
2018-12-24,153.58,158.14,124.06,94.13,85.82
2018-12-26,157.53,168.28,134.18,100.56,90.41
2018-12-27,158.6,170.32,134.52,101.18,91.59
2018-12-28,158.83,170.22,133.2,100.39,92.13
2018-12-31,158.19,171.82,131.09,101.57,93.15
2019-01-02,156.74,172.41,135.68,101.12,93.34
2019-01-03,157.68,168.61,131.74,97.4,92.86
2019-01-04,158.31,173.62,137.95,101.93,93.44
2019-01-07,159.29,177.04,138.05,102.06,94.54
2019-01-08,161.09,177.89,142.53,102.8,95.2
2019-01-09,159.68,179.73,144.23,104.27,94.89
2019-01-10,161.86,179.06,144.2,103.6,94.96
2019-01-11,161.4,179.41,143.8,102.8,94.84
2019-01-14,161.4,178.81,145.39,102.05,94.95
2019-01-15,163.05,176.47,148.95,105.01,96.25
2019-01-16,163.78,177.04,147.54,105.38,96.35
2019-01-17,164.38,174.87,148.3,106.12,96.74
2019-01-18,164.67,179.58,150.04,107.71,97.73
2019-01-22,164.68,177.11,147.57,105.68,97.49
2019-01-23,165.79,176.89,144.3,106.71,98.71
2019-01-24,165.65,177.29,145.83,106.2,98.36
2019-01-25,167.41,180.4,149.01,107.17,96.94
2019-01-28,168.05,179.83,147.47,105.08,97.06
2019-01-29,169.44,179.69,144.19,102.94,96.71
2019-01-30,170.47,182.18,150.42,106.38,94.8
2019-01-31,172.84,183.53,166.69,104.43,95.83
2019-02-01,170.43,184.37,165.71,102.78,93.86
2019-02-04,170.94,186.43,169.25,105.74,94.77
2019-02-05,172.43,186.39,171.16,107.22,95.6
2019-02-06,170.27,184.72,170.49,106.03,95.64
2019-02-07,172.01,184.07,166.38,105.27,96.73
2019-02-08,172.43,184.54,167.33,105.67,95.58
2019-02-11,172.99,182.92,165.79,105.25,96.2
2019-02-12,172.59,185.52,165.04,106.89,96.97
2019-02-13,173.7,188.41,164.07,106.81,97.94
2019-02-14,175.79,187.71,163.95,106.9,98.52
2019-02-15,177.82,192.39,162.5,108.22,99.99
2019-02-19,177.6,192.33,162.29,108.17,102.2
2019-02-20,176.69,191.85,162.56,107.15,99.88
2019-02-21,176.51,191.82,160.04,109.41,99.39
2019-02-22,176.63,192.39,161.89,110.97,99.55
2019-02-25,174.23,189.98,164.62,111.59,99.12
2019-02-26,174.02,188.3,164.13,112.36,98.69
2019-02-27,173.2,183.67,162.81,112.17,98.11
2019-02-28,176.15,185.14,161.45,112.03,98.99
2019-03-01,177.92,185.17,162.28,112.53,97.93
2019-03-04,179.69,183.81,167.37,112.26,97.85
2019-03-05,181.06,184,171.26,111.7,98.34
2019-03-06,181.65,184.45,172.51,111.75,98.26
2019-03-07,181.75,182.51,169.13,110.39,97.45
2019-03-08,181.61,181.23,169.6,110.51,97.59
2019-03-11,185.16,182.44,172.07,112.83,98.48
2019-03-12,185.75,184,171.92,113.62,98.37
2019-03-13,187.23,181.14,173.37,114.5,99.03
2019-03-14,187.97,181.61,170.17,114.59,98.22
2019-03-15,188.97,182.23,165.98,115.91,98.42
2019-03-18,188.89,183.42,160.47,117.57,99.66
2019-03-19,189.91,184.13,161.57,117.65,99.85
2019-03-20,191.54,186.1,165.44,117.52,98.64
2019-03-21,194.71,189.97,166.08,120.22,99.06
2019-03-22,193.65,188.75,164.34,117.05,98.28
2019-03-25,195.69,189.68,166.29,117.66,98.17
2019-03-26,195.05,189.34,167.68,117.91,98.32
2019-03-27,194.09,189.25,165.87,116.77,97.21
2019-03-28,194.93,190.06,165.55,116.93,97.13
2019-03-29,197.06,191.89,166.69,117.94,97.53
2019-04-01,192.51,195.64,168.7,119.02,97.82
2019-04-02,195.12,194.31,174.2,119.19,96.94
2019-04-03,194.29,198.61,173.54,119.97,97.19
2019-04-04,193.05,200.45,176.02,119.36,98.11
2019-04-05,195.76,202.06,175.72,119.89,98.83
2019-04-08,196.22,203.55,174.93,119.93,99.23
2019-04-09,196.72,200.9,177.58,119.28,98.69
2019-04-10,196.62,199.43,177.82,120.19,99.6
2019-04-11,196.65,201.48,177.51,120.33,100.8
2019-04-12,197.96,203.85,179.1,120.95,101.56
2019-04-15,196.09,204.86,179.65,121.05,102.43
2019-04-16,192.2,204.47,178.87,120.77,102.93
2019-04-17,191.17,206.55,178.78,121.77,103.16
2019-04-18,192.91,205.66,178.28,123.37,103.18
2019-04-22,192.32,204.78,181.44,123.76,102.37
2019-04-23,193.4,206.05,183.78,125.44,103.07
2019-04-24,193.23,206.72,182.58,125.01,103.53
2019-04-25,192.29,206.5,193.26,129.15,103.52
2019-04-26,193.21,203.61,191.49,129.89,101.53
2019-04-29,192.44,202.16,194.78,129.77,101.56
2019-04-30,195.3,203.7,193.4,130.6,102.84
2019-05-01,192.91,198.8,193.03,127.88,101.36
2019-05-02,192.8,201.01,192.53,126.21,101.15
2019-05-03,192.95,200.56,195.47,128.9,102.08
2019-05-06,192.18,199.63,193.88,128.15,102.46
2019-05-07,189.85,194.77,189.77,125.52,101.3
2019-05-08,191.64,195.17,189.54,125.51,100.3
2019-05-09,192.52,194.58,188.65,125.5,99.54
2019-05-10,195.66,194.58,188.34,127.13,101.91
2019-05-13,196.88,190.34,181.54,123.35,99.89
2019-05-14,198.07,191.62,180.73,124.73,100.29
2019-05-15,200.47,191.76,186.27,126.02,99.88
2019-05-16,202.02,192.38,186.99,128.93,101.31
2019-05-17,202.43,192.58,185.3,128.07,100.86
2019-05-20,198.25,190.95,182.72,126.22,101.52
2019-05-21,198.17,191.45,184.82,126.9,101.12
2019-05-22,200.67,188.91,185.32,127.67,102.23
2019-05-23,202.92,192,180.87,126.18,101.86
2019-05-24,203,193.59,181.06,126.24,102.67
2019-05-28,202.55,191.55,184.31,126.16,102.42
2019-05-29,201.13,189.99,182.19,124.94,102.12
2019-05-30,204.69,191.08,183.01,125.73,102.19
2019-05-31,208.77,189.85,177.47,123.68,101.44
2019-06-03,209.29,189.57,164.15,119.84,101.96
2019-06-04,208.01,195.25,167.5,123.16,102.56
2019-06-05,212.77,196.69,168.17,125.83,104.42
2019-06-06,212.7,197.17,168.33,127.82,105.11
2019-06-07,212.46,197.3,173.35,131.4,106.06
2019-06-10,209.85,198.05,174.82,132.6,107.52
2019-06-11,208.97,198.01,178.1,132.1,107.94
2019-06-12,211.5,198.94,175.04,131.49,108.82
2019-06-13,209.01,202.35,177.47,132.32,108.65
2019-06-14,211.23,205.77,181.33,132.45,109.07
2019-06-17,214.09,206.98,189.01,132.85,109.16
2019-06-18,214.39,207.48,188.47,135.16,109.65
2019-06-19,216.17,207.94,187.48,135.69,109.62
2019-06-20,217.52,211.25,189.53,136.95,110.32
2019-06-21,215.18,209.39,191.14,136.97,111.13
2019-06-24,214.55,205.5,192.6,137.78,111.24
2019-06-25,210.81,204.74,188.84,133.43,110.72
2019-06-26,205.8,206.42,187.66,133.93,110.16
2019-06-27,205.85,207.02,189.5,134.15,110.1
2019-06-28,204.45,207.97,193,133.96,110.49
2019-07-01,202.3,210.28,193,135.68,110.62
2019-07-02,205.63,210.14,195,136.58,111.6
2019-07-03,210.17,212.1,197.2,137.46,112.32
2019-07-05,209.04,211.46,196.4,137.06,111.98
2019-07-08,208.95,212.91,195.76,136.96,112.72
2019-07-09,211.31,212,199.21,136.46,112.88
2019-07-10,211.53,210.75,202.73,137.85,112.98
2019-07-11,209.26,214.04,201.23,138.4,113.92
2019-07-12,208.98,218.23,204.87,138.9,114.6
2019-07-15,210.7,218.7,203.91,138.9,114.98
2019-07-16,209.31,217.26,203.84,137.08,114.76
2019-07-17,208.74,215.61,201.8,136.27,114.6
2019-07-18,208.66,214.44,200.78,136.42,114.72
2019-07-19,205.56,213.04,198.36,136.62,113.9
2019-07-22,206.7,211.27,202.32,138.43,112.82
2019-07-23,206.8,213.08,202.36,139.29,112.09
2019-07-24,204.79,214.71,204.66,140.72,112
2019-07-25,205.42,215.55,200.71,140.19,112.22
2019-07-26,204.59,216.91,199.75,141.34,113.02
2019-07-29,205.57,218.04,195.94,141.03,112.27
2019-07-30,208.65,217.36,197.04,140.35,112.06
2019-07-31,211.62,213.69,194.23,136.27,110.38
2019-08-01,211.41,212.83,192.73,138.06,109.38
2019-08-02,215.47,212.15,189.02,136.9,109.4
2019-08-05,213.9,204.94,181.73,132.21,105.82
2019-08-06,216.95,208.8,184.51,134.69,107.27
2019-08-07,217.43,207.91,185.15,135.28,108.2
2019-08-08,221.02,211.57,190.16,138.89,108.52
2019-08-09,222.23,210.02,187.85,137.71,107.28
2019-08-12,222.22,207.01,185.37,135.79,105.12
2019-08-13,221.1,208.33,188.45,138.6,107.41
2019-08-14,218.88,201.59,179.71,133.98,106.2
2019-08-15,224.2,201.79,182.59,133.68,112.69
2019-08-16,222.93,203.65,183.7,136.13,112.99
2019-08-19,225.19,207.95,186.17,138.41,113.81
2019-08-20,225.56,217.09,183.81,137.26,112.05
2019-08-21,227.38,220.4,183.55,138.79,112.02
2019-08-22,228.51,221.02,182.04,137.78,111.91
2019-08-23,226.57,217.47,177.75,133.39,110.83
2019-08-26,230.07,218.65,180.36,135.45,111.99
2019-08-27,229.79,218.21,181.3,135.74,112.42
2019-08-28,230.14,221.95,181.76,135.56,112.72
2019-08-29,230.41,227.32,185.57,138.12,114.08
2019-08-30,230.19,227.91,185.67,137.86,114.26
2019-09-03,237.84,224.07,182.39,136.04,114.64
2019-09-04,241.07,224.15,187.14,137.63,115.91
2019-09-05,235.75,228.15,190.9,140.05,115.44
2019-09-06,232.59,231.13,187.49,139.1,114.73
2019-09-09,224,232.87,188.76,137.52,116.33
2019-09-10,216.21,233,186.17,136.08,116.05
2019-09-11,212.7,232.66,188.49,136.12,116.02
2019-09-12,218.85,233.8,187.47,137.52,116.92
2019-09-13,215.37,233.98,187.19,137.32,117.43
2019-09-16,216.77,230.99,186.22,136.33,115.57
2019-09-17,221.3,230.21,188.08,137.39,116.51
2019-09-18,221.61,230.83,188.14,138.52,117.16
2019-09-19,227.07,228.12,190.14,141.07,117.11
2019-09-20,225.56,224.67,189.93,139.44,116.98
2019-09-23,225.38,226.25,186.82,139.14,117.62
2019-09-24,225.16,225.41,181.28,137.38,118.4
2019-09-25,222.04,228.1,182.8,139.36,118.47
2019-09-26,223,229.79,180.11,139.54,118.3
2019-09-27,218.98,229.86,177.1,137.73,118.45
2019-09-30,221.13,232.02,178.08,139.03,118.68
2019-10-01,220.89,231.08,175.81,137.07,117.85
2019-10-02,219.99,225.55,174.6,134.65,116.12
2019-10-03,223.9,226.81,179.38,136.28,116.31
2019-10-04,225.93,227.93,180.45,138.12,118.16
2019-10-07,225.28,226.74,179.68,137.12,117.23
2019-10-08,226.1,226.67,177.75,135.67,117.58
2019-10-09,226.57,228.94,179.85,138.24,118.93
2019-10-10,226.28,231.61,180.03,139.1,119.61
2019-10-11,224.45,234.66,184.19,139.68,120.24
2019-10-14,225.64,234.18,183.28,139.55,119.17
2019-10-15,224.21,235.62,188.89,141.57,119.53
2019-10-16,221.97,235.9,189.55,140.41,119.42
2019-10-17,225.91,236.77,190.39,139.69,119.84
2019-10-18,229.09,237.93,185.85,137.41,119.14
2019-10-21,229.4,236.7,189.76,138.43,119.74
2019-10-22,226.74,237.2,182.34,136.37,119.58
2019-10-23,226.02,234.67,186.15,137.24,119.35
2019-10-24,223.47,233.89,186.38,139.94,119.1
2019-10-25,216.67,234.38,187.89,140.73,119.04
2019-10-28,210.75,236.8,189.4,144.19,119.22
2019-10-29,216.16,234.14,189.31,142.83,117.15
2019-10-30,217.24,236.24,188.25,144.61,118.1
2019-10-31,218.08,234.58,191.65,143.37,117.26
2019-11-01,215.52,237.34,193.62,143.72,117.62
2019-11-04,211.07,234.92,194.72,144.55,117.57
2019-11-05,206.01,232.2,194.32,144.46,118.86
2019-11-06,207.98,234.01,191.55,144.06,119.5
2019-11-07,205.69,232.94,190.42,144.26,120.23
2019-11-08,205.87,232.84,190.84,145.96,119.44
2019-11-11,207.35,231.8,189.61,146.11,119.04
2019-11-12,206.75,233.12,194.47,147.07,119.12
2019-11-13,210.32,234.8,193.19,147.31,120.98
2019-11-14,211.8,236.55,193.15,148.06,120.65
2019-11-15,213.37,237.29,195.1,149.97,118.87
2019-11-18,214.33,238.85,197.4,150.34,120.25
2019-11-19,215.57,225.86,199.32,150.39,119.89
2019-11-20,217.9,220.9,197.51,149.62,119.13
2019-11-21,213.54,218.54,197.93,149.48,119.86
2019-11-22,210.11,218.03,198.82,149.59,119.36
2019-11-25,209.71,218.4,199.79,151.23,118.92
2019-11-26,214.79,220.76,198.97,152.03,119.19
2019-11-27,214.91,223,202,152.32,118.76
2019-11-29,214.03,220.51,201.64,151.38,119.09
2019-12-02,209.57,217.62,199.7,149.55,119.28
2019-12-03,211.21,214,198.82,149.31,118.67
2019-12-04,213.36,214.1,198.71,149.85,118.69
2019-12-05,213.53,213,199.36,149.93,118.66
2019-12-06,212.2,214.28,201.05,151.75,119.78
2019-12-09,212.65,216.53,201.34,151.75,119.36
2019-12-10,210,215.9,200.87,151.13,119.14
2019-12-11,211.56,212,202.26,151.7,119
2019-12-12,209.69,212.04,196.75,153.24,119.76
2019-12-13,212.52,214.08,194.11,154.53,120.29
2019-12-16,215.6,215.53,197.92,155.53,120.54
2019-12-17,211.93,217.72,198.39,154.69,121.28
2019-12-18,217.95,218,202.5,154.37,119.86
2019-12-19,224.2,220.22,206.06,155.71,120.08
2019-12-20,227.74,221.19,206.3,157.41,120.29
2019-12-23,226.97,219.21,206.18,157.41,119.03
2019-12-24,227.08,220.67,205.12,157.38,119.51
2019-12-26,227.87,220.82,207.79,158.67,119.52
2019-12-27,229.08,219.97,208.1,158.96,119.59
2019-12-30,228.85,217.31,204.41,157.59,119.4
2019-12-31,229.82,218.38,205.25,157.7,118.84
2020-01-02,228.5,219.66,209.78,160.62,118.94
2020-01-03,228.61,218.93,208.67,158.62,117.89
2020-01-06,228.55,219.96,212.6,159.03,117.65
2020-01-07,223.68,218.52,213.06,157.58,116.56
2020-01-08,225.62,221.79,215.22,160.09,116.16
2020-01-09,226.47,225.19,218.3,162.09,117.36
2020-01-10,230.8,224.22,218.06,161.34,116.38
2020-01-13,235.41,223.34,221.91,163.28,115.88
2020-01-14,233.95,222.81,219.06,162.13,116.18
2020-01-15,235.38,224.59,221.15,163.18,115.28
2020-01-16,232.24,228.82,221.77,166.17,115.9
2020-01-17,233.42,231.91,222.14,167.1,114.96
2020-01-21,236.73,232.95,221.44,166.5,115.59
2020-01-22,235.16,232.9,221.32,165.7,116.1
2020-01-23,237.83,233.65,219.76,166.72,115.81
2020-01-24,237.52,232,217.94,165.04,114.37
2020-01-27,237.47,231.19,214.87,162.28,115.86
2020-01-28,237.18,233.86,217.79,165.46,116.6
2020-01-29,233.44,234.02,223.23,168.04,115.89
2020-01-30,235.2,232.79,209.53,172.78,116.58
2020-01-31,231.74,228.1,201.91,170.23,114.49
2020-02-03,234.07,231.54,204.19,174.38,114.27
2020-02-04,237.45,235,209.83,180.12,115.27
2020-02-05,236.38,238.11,210.11,179.9,116.81
2020-02-06,237.81,238.84,210.85,183.63,116.31
2020-02-07,238.75,237.3,212.33,183.89,116.45
2020-02-10,243.69,240.61,213.06,188.7,115.25
2020-02-11,254.27,241.64,207.19,184.44,115.4
2020-02-12,256.18,241.59,210.76,184.71,115.85
2020-02-13,256.9,242.36,213.14,183.71,117.44
2020-02-14,256.25,245.03,214.18,185.35,117.89
2020-02-18,252.93,243.94,217.8,187.23,119.63
2020-02-19,248.1,243.64,217.49,187.28,117.68
2020-02-20,247.54,247.02,214.58,184.42,117.69
2020-02-21,247.01,245.34,210.18,178.59,118.58
2020-02-24,245.11,239.7,200.72,170.89,116.32
2020-02-25,246.14,237.38,196.77,168.07,114.39
2020-02-26,242.67,235.28,197.2,170.17,113.78
2020-02-27,232.93,224.73,189.75,158.18,110.4
2020-02-28,226.8,217.84,192.47,162.01,107.68
2020-03-02,240.75,229.94,196.44,172.79,115.88
2020-03-03,242.65,227.94,185.89,164.51,112.91
2020-03-04,251.66,241.08,191.76,170.55,116.77
2020-03-05,246.94,234.81,185.17,166.27,115.92
2020-03-06,246.32,228.51,181.09,161.57,117.23
2020-03-09,231.86,210.46,169.5,150.62,117.16
2020-03-10,243.87,225.7,178.19,160.92,119.79
2020-03-11,232.9,212.89,170.24,153.63,114.43
2020-03-12,217.83,190.59,154.47,139.06,104.05
2020-03-13,238.99,205.67,170.28,158.83,114.1
2020-03-16,202.75,164.96,146.01,135.42,106.76
2020-03-17,227.53,173.64,149.42,146.57,119.26
2020-03-18,217.14,155.63,146.96,140.4,122.58
2020-03-19,209,161.13,153.13,142.71,119.45
2020-03-20,195.39,152.15,149.73,137.35,113.97
2020-03-23,179.09,162.39,148.1,135.98,114.28
2020-03-24,190.27,184.72,160.98,148.34,115.03
2020-03-25,199.26,181.76,156.21,146.92,109.4
2020-03-26,222.2,195.21,163.34,156.11,109.82
2020-03-27,218.48,190.55,156.79,149.7,109.58
2020-03-30,230.58,196.1,165.95,160.23,115.19
2020-03-31,217.75,186.71,166.8,157.71,113.62
2020-04-01,206.97,178.63,159.6,152.11,114.14
2020-04-02,220.75,181.31,158.19,155.26,118.65
2020-04-03,222.8,178.7,154.18,153.83,119.48
2020-04-06,235.18,191.33,165.55,165.27,126.07
2020-04-07,227.77,192.29,168.83,163.49,121.99
2020-04-08,249.25,194.82,174.28,165.13,121.84
2020-04-09,259.6,201.53,175.19,165.14,121.8
2020-04-13,249.76,198.79,174.79,165.51,125.3
2020-04-14,255.1,207.17,178.17,173.7,129
2020-04-15,247.49,198.48,176.97,171.88,128.76
2020-04-16,251.78,199.85,176.25,177.04,132.33
2020-04-17,254.06,209.42,179.24,178.6,132.12
2020-04-20,248.68,206.05,178.24,175.06,129.85
2020-04-21,242,200.61,170.8,167.82,129.21
2020-04-22,252.98,204.17,182.28,173.52,131.59
2020-04-23,248.6,202.32,185.13,171.42,128.53
2020-04-24,244.61,212.18,190.07,174.55,129.44
2020-04-27,250.22,217.76,187.5,174.05,128.3
2020-04-28,243.53,217.63,182.91,169.81,128
2020-04-29,236.81,221.81,194.19,177.43,123.6
2020-04-30,238,219.83,204.71,179.21,121.55
2020-05-01,234.2,218.57,202.27,174.57,122.92
2020-05-04,236.63,221.84,205.26,178.84,123.7
2020-05-05,240.26,225.61,207.07,180.76,124.73
2020-05-06,237.26,223.92,208.47,182.54,123.3
2020-05-07,235.25,229.45,211.26,183.6,121.89
2020-05-08,238.36,234.43,212.35,184.68,122.94
2020-05-11,238.23,236.56,213.18,186.74,123.67
2020-05-12,231.69,232.9,210.1,182.51,123.78
2020-05-13,231.15,230.1,205.1,179.75,123.71
2020-05-14,229.62,234.48,206.81,180.53,123.42
2020-05-15,229.58,239.33,210.88,183.16,125.94
2020-05-18,236.03,245.35,213.19,184.91,127.66
2020-05-19,229.97,238.1,216.88,183.63,124.95
2020-05-20,230.14,238.19,229.97,185.66,125.45
2020-05-21,228.16,240.88,231.39,183.43,124.99
2020-05-22,242.43,241.88,234.91,183.51,124.33
2020-05-26,243.93,242.48,232.2,181.57,123.86
2020-05-27,252.01,247.36,229.14,181.81,122.48
2020-05-28,258.12,245.14,225.46,181.4,123.69
2020-05-29,258.17,248.48,225.09,183.25,124.06
2020-06-01,264.31,247.29,231.91,182.83,123.96
2020-06-02,263.59,252.71,232.72,184.91,123.94
2020-06-03,267.39,251,230.16,185.36,123.47
2020-06-04,259.72,248.95,226.29,182.92,122.11
2020-06-05,264.89,254.9,230.77,187.2,121.56
2020-06-08,266.88,256.77,231.4,188.36,121.24
2020-06-09,265.76,256.76,238.67,189.8,121.35
2020-06-10,265.34,254.45,236.73,196.84,121.16
2020-06-11,251.51,239.47,224.43,186.27,120.09
2020-06-12,258.08,242.45,228.58,187.74,117.74
2020-06-15,262.49,241.36,232.5,187.74,118.08
2020-06-16,264.78,249.95,235.65,193.57,119.65
2020-06-17,263.97,250.85,235.53,194.24,119.03
2020-06-18,257.6,249.21,235.94,196.32,117.99
2020-06-19,265.6,246.65,238.79,195.15,119.85
2020-06-22,264.6,249.16,239.22,200.57,121.68
2020-06-23,264.5,250.31,242.24,201.91,121.07
2020-06-24,254.18,246.13,234.02,197.84,120.3
2020-06-25,254.36,245.38,235.68,200.34,119.71
2020-06-26,246.48,241.01,216.08,196.33,118.32
2020-06-29,253.8,246.12,220.64,198.44,119.06
2020-06-30,258.54,250.51,227.07,203.51,119.78
2020-07-01,265.39,248.15,237.55,204.7,119.69
2020-07-02,264.21,248.5,233.42,206.26,119.21
2020-07-06,265.97,249.55,240.28,210.7,118.89
2020-07-07,265.97,247.35,240.86,208.25,126.95
2020-07-08,264.7,249.17,243.58,212.83,124.44
2020-07-09,265.6,247.96,244.5,214.32,127.75
2020-07-10,264.35,250.11,245.07,213.67,130.68
2020-07-13,255.93,249.62,239,207.07,129.52
2020-07-14,258.94,257.79,239.73,208.35,132.01
2020-07-15,257.27,257.8,240.28,208.04,132
2020-07-16,257.48,258.08,240.93,203.92,132.2
2020-07-17,259.11,260.38,242.03,202.88,131.74
2020-07-20,260.53,260.17,245.42,211.6,131.47
2020-07-21,259.21,262.42,241.75,208.75,132.33
2020-07-22,259.04,265.17,239.87,211.75,132.66
2020-07-23,257.9,263.81,232.6,202.54,131.64
2020-07-24,256.33,265.31,230.71,201.3,131.24
2020-07-27,260.31,267.42,233.5,203.85,131.21
2020-07-28,266.8,265.28,230.12,202.02,131.76
2020-07-29,271.29,264.66,233.29,204.06,130.69
2020-07-30,262.49,266.31,234.5,203.9,130.12
2020-07-31,261.39,265.49,253.67,205.01,129.4
2020-08-03,256.58,266.18,251.96,216.54,129.3
2020-08-04,260.17,267.87,249.83,213.29,131.64
2020-08-05,255.29,267.48,249.12,212.94,129.81
2020-08-06,255.51,269.37,265.28,216.35,129.35
2020-08-07,257.61,271.64,268.44,212.48,129.97
2020-08-10,253.41,274.73,263,208.25,131.88
2020-08-11,246.2,274.92,256.13,203.38,130.2
2020-08-12,251.3,281.58,259.89,209.19,131.89
2020-08-13,250.73,281.66,261.3,208.7,131.85
2020-08-14,250.12,280.55,261.24,208.9,132.6
2020-08-17,250.91,288.24,261.16,210.28,135.6
2020-08-18,252.55,285,262.34,211.49,134.71
2020-08-19,245.23,282.86,262.59,209.7,132.41
2020-08-20,247.68,280.68,269.01,214.58,130.57
2020-08-21,249.34,283.23,267.01,213.02,131.63
2020-08-24,245.44,286.75,271.39,213.69,131.33
2020-08-25,246.41,286.13,280.82,216.47,130.63
2020-08-26,246.97,291.93,303.91,221.15,130.7
2020-08-27,247.97,288.63,293.22,226.58,136.63
2020-08-28,249.59,286.29,293.66,228.91,140.3
2020-08-31,249.15,285.04,293.2,225.53,138.85
2020-09-01,248.03,285.94,295.44,227.27,147.59
2020-09-02,256.5,287.2,302.5,231.65,147.68
2020-09-03,252.32,274.63,291.12,217.3,144.54
2020-09-04,249.98,269.66,282.73,214.25,142.83
2020-09-08,246.81,269.26,271.16,202.66,138.45
2020-09-09,252.42,277.04,273.72,211.29,139.89
2020-09-10,248.38,272.7,268.09,205.37,136.81
2020-09-11,249.79,276.33,266.61,204.03,136.7
2020-09-14,253.9,280.65,266.15,205.41,137.32
2020-09-15,263.75,285.58,272.42,208.78,137.36
2020-09-16,263.29,281.63,263.52,205.05,136.26
2020-09-17,250.73,279.96,254.82,202.91,136.69
2020-09-18,245.5,275.19,252.53,200.39,135.29
2020-09-21,240.97,272.35,248.15,202.54,137.07
2020-09-22,241.94,273.31,254.75,207.42,138.31
2020-09-23,235.71,266.55,249.02,200.59,135.99
2020-09-24,236.18,265.7,249.53,203.19,136.7
2020-09-25,239.81,268.55,254.82,207.82,137.27
2020-09-28,240,272.33,256.82,209.44,137.25
2020-09-29,240.12,272.11,261.79,207.26,137.14
2020-09-30,241.73,277.71,261.9,210.33,139.91
2020-10-01,242.15,277.62,266.63,212.46,143.08
